run_id,run_url,commit_sha,commit_message,status,workflow_duration,job_name,job_duration,step_name,step_duration,test_count,test_failures,average_test_duration,timestamp,cache_enabled,execution_mode,variation
26899090948,https://github.com/calebe-matias/api-de-triagem-ci-cd/actions/runs/26899090948,c4429a1ca46d5aa90a6381f36afcce6b34515ea1,exp01: baseline passing pipeline,success,52,install dependencies,14,Set up job,1,24,0,8.57,2026-06-03T16:40:21Z,true,sequential,exp01-baseline
26899090948,https://github.com/calebe-matias/api-de-triagem-ci-cd/actions/runs/26899090948,c4429a1ca46d5aa90a6381f36afcce6b34515ea1,exp01: baseline passing pipeline,success,52,install dependencies,14,Run actions/checkout@v4,0,24,0,8.57,2026-06-03T16:40:21Z,true,sequential,exp01-baseline
26899090948,https://github.com/calebe-matias/api-de-triagem-ci-cd/actions/runs/26899090948,c4429a1ca46d5aa90a6381f36afcce6b34515ea1,exp01: baseline passing pipeline,success,52,install dependencies,14,Setup Node with npm cache,5,24,0,8.57,2026-06-03T16:40:21Z,true,sequential,exp01-baseline
26899090948,https://github.com/calebe-matias/api-de-triagem-ci-cd/actions/runs/26899090948,c4429a1ca46d5aa90a6381f36afcce6b34515ea1,exp01: baseline passing pipeline,success,52,install dependencies,14,Setup Node without cache,0,24,0,8.57,2026-06-03T16:40:21Z,true,sequential,exp01-baseline
26899090948,https://github.com/calebe-matias/api-de-triagem-ci-cd/actions/runs/26899090948,c4429a1ca46d5aa90a6381f36afcce6b34515ea1,exp01: baseline passing pipeline,success,52,install dependencies,14,Install dependencies,3,24,0,8.57,2026-06-03T16:40:21Z,true,sequential,exp01-baseline
26899090948,https://github.com/calebe-matias/api-de-triagem-ci-cd/actions/runs/26899090948,c4429a1ca46d5aa90a6381f36afcce6b34515ea1,exp01: baseline passing pipeline,success,52,install dependencies,14,Post Setup Node with npm cache,2,24,0,8.57,2026-06-03T16:40:21Z,true,sequential,exp01-baseline
26899090948,https://github.com/calebe-matias/api-de-triagem-ci-cd/actions/runs/26899090948,c4429a1ca46d5aa90a6381f36afcce6b34515ea1,exp01: baseline passing pipeline,success,52,install dependencies,14,Post Run actions/checkout@v4,0,24,0,8.57,2026-06-03T16:40:21Z,true,sequential,exp01-baseline
26899090948,https://github.com/calebe-matias/api-de-triagem-ci-cd/actions/runs/26899090948,c4429a1ca46d5aa90a6381f36afcce6b34515ea1,exp01: baseline passing pipeline,success,52,install dependencies,14,Complete job,1,24,0,8.57,2026-06-03T16:40:21Z,true,sequential,exp01-baseline
26899090948,https://github.com/calebe-matias/api-de-triagem-ci-cd/actions/runs/26899090948,c4429a1ca46d5aa90a6381f36afcce6b34515ea1,exp01: baseline passing pipeline,success,52,lint and typecheck,15,Set up job,1,24,0,8.57,2026-06-03T16:40:21Z,true,sequential,exp01-baseline
26899090948,https://github.com/calebe-matias/api-de-triagem-ci-cd/actions/runs/26899090948,c4429a1ca46d5aa90a6381f36afcce6b34515ea1,exp01: baseline passing pipeline,success,52,lint and typecheck,15,Run actions/checkout@v4,0,24,0,8.57,2026-06-03T16:40:21Z,true,sequential,exp01-baseline
26899090948,https://github.com/calebe-matias/api-de-triagem-ci-cd/actions/runs/26899090948,c4429a1ca46d5aa90a6381f36afcce6b34515ea1,exp01: baseline passing pipeline,success,52,lint and typecheck,15,Setup Node with npm cache,5,24,0,8.57,2026-06-03T16:40:21Z,true,sequential,exp01-baseline
26899090948,https://github.com/calebe-matias/api-de-triagem-ci-cd/actions/runs/26899090948,c4429a1ca46d5aa90a6381f36afcce6b34515ea1,exp01: baseline passing pipeline,success,52,lint and typecheck,15,Setup Node without cache,0,24,0,8.57,2026-06-03T16:40:21Z,true,sequential,exp01-baseline
26899090948,https://github.com/calebe-matias/api-de-triagem-ci-cd/actions/runs/26899090948,c4429a1ca46d5aa90a6381f36afcce6b34515ea1,exp01: baseline passing pipeline,success,52,lint and typecheck,15,Install dependencies,3,24,0,8.57,2026-06-03T16:40:21Z,true,sequential,exp01-baseline
26899090948,https://github.com/calebe-matias/api-de-triagem-ci-cd/actions/runs/26899090948,c4429a1ca46d5aa90a6381f36afcce6b34515ea1,exp01: baseline passing pipeline,success,52,lint and typecheck,15,ESLint,1,24,0,8.57,2026-06-03T16:40:21Z,true,sequential,exp01-baseline
26899090948,https://github.com/calebe-matias/api-de-triagem-ci-cd/actions/runs/26899090948,c4429a1ca46d5aa90a6381f36afcce6b34515ea1,exp01: baseline passing pipeline,success,52,lint and typecheck,15,TypeScript,3,24,0,8.57,2026-06-03T16:40:21Z,true,sequential,exp01-baseline
26899090948,https://github.com/calebe-matias/api-de-triagem-ci-cd/actions/runs/26899090948,c4429a1ca46d5aa90a6381f36afcce6b34515ea1,exp01: baseline passing pipeline,success,52,lint and typecheck,15,Post Setup Node with npm cache,0,24,0,8.57,2026-06-03T16:40:21Z,true,sequential,exp01-baseline
26899090948,https://github.com/calebe-matias/api-de-triagem-ci-cd/actions/runs/26899090948,c4429a1ca46d5aa90a6381f36afcce6b34515ea1,exp01: baseline passing pipeline,success,52,lint and typecheck,15,Post Run actions/checkout@v4,0,24,0,8.57,2026-06-03T16:40:21Z,true,sequential,exp01-baseline
26899090948,https://github.com/calebe-matias/api-de-triagem-ci-cd/actions/runs/26899090948,c4429a1ca46d5aa90a6381f36afcce6b34515ea1,exp01: baseline passing pipeline,success,52,lint and typecheck,15,Complete job,0,24,0,8.57,2026-06-03T16:40:21Z,true,sequential,exp01-baseline
26899090948,https://github.com/calebe-matias/api-de-triagem-ci-cd/actions/runs/26899090948,c4429a1ca46d5aa90a6381f36afcce6b34515ea1,exp01: baseline passing pipeline,success,52,automated tests,14,Set up job,2,24,0,8.57,2026-06-03T16:40:21Z,true,sequential,exp01-baseline
26899090948,https://github.com/calebe-matias/api-de-triagem-ci-cd/actions/runs/26899090948,c4429a1ca46d5aa90a6381f36afcce6b34515ea1,exp01: baseline passing pipeline,success,52,automated tests,14,Run actions/checkout@v4,0,24,0,8.57,2026-06-03T16:40:21Z,true,sequential,exp01-baseline
26899090948,https://github.com/calebe-matias/api-de-triagem-ci-cd/actions/runs/26899090948,c4429a1ca46d5aa90a6381f36afcce6b34515ea1,exp01: baseline passing pipeline,success,52,automated tests,14,Setup Node with npm cache,5,24,0,8.57,2026-06-03T16:40:21Z,true,sequential,exp01-baseline
26899090948,https://github.com/calebe-matias/api-de-triagem-ci-cd/actions/runs/26899090948,c4429a1ca46d5aa90a6381f36afcce6b34515ea1,exp01: baseline passing pipeline,success,52,automated tests,14,Setup Node without cache,0,24,0,8.57,2026-06-03T16:40:21Z,true,sequential,exp01-baseline
26899090948,https://github.com/calebe-matias/api-de-triagem-ci-cd/actions/runs/26899090948,c4429a1ca46d5aa90a6381f36afcce6b34515ea1,exp01: baseline passing pipeline,success,52,automated tests,14,Install dependencies,2,24,0,8.57,2026-06-03T16:40:21Z,true,sequential,exp01-baseline
26899090948,https://github.com/calebe-matias/api-de-triagem-ci-cd/actions/runs/26899090948,c4429a1ca46d5aa90a6381f36afcce6b34515ea1,exp01: baseline passing pipeline,success,52,automated tests,14,Run tests with coverage,2,24,0,8.57,2026-06-03T16:40:21Z,true,sequential,exp01-baseline
26899090948,https://github.com/calebe-matias/api-de-triagem-ci-cd/actions/runs/26899090948,c4429a1ca46d5aa90a6381f36afcce6b34515ea1,exp01: baseline passing pipeline,success,52,automated tests,14,Write pipeline context,0,24,0,8.57,2026-06-03T16:40:21Z,true,sequential,exp01-baseline
26899090948,https://github.com/calebe-matias/api-de-triagem-ci-cd/actions/runs/26899090948,c4429a1ca46d5aa90a6381f36afcce6b34515ea1,exp01: baseline passing pipeline,success,52,automated tests,14,Upload pipeline results,1,24,0,8.57,2026-06-03T16:40:21Z,true,sequential,exp01-baseline
26899090948,https://github.com/calebe-matias/api-de-triagem-ci-cd/actions/runs/26899090948,c4429a1ca46d5aa90a6381f36afcce6b34515ea1,exp01: baseline passing pipeline,success,52,automated tests,14,Post Setup Node with npm cache,0,24,0,8.57,2026-06-03T16:40:21Z,true,sequential,exp01-baseline
26899090948,https://github.com/calebe-matias/api-de-triagem-ci-cd/actions/runs/26899090948,c4429a1ca46d5aa90a6381f36afcce6b34515ea1,exp01: baseline passing pipeline,success,52,automated tests,14,Post Run actions/checkout@v4,0,24,0,8.57,2026-06-03T16:40:21Z,true,sequential,exp01-baseline
26899090948,https://github.com/calebe-matias/api-de-triagem-ci-cd/actions/runs/26899090948,c4429a1ca46d5aa90a6381f36afcce6b34515ea1,exp01: baseline passing pipeline,success,52,automated tests,14,Complete job,0,24,0,8.57,2026-06-03T16:40:21Z,true,sequential,exp01-baseline
26899169043,https://github.com/calebe-matias/api-de-triagem-ci-cd/actions/runs/26899169043,4042cd0f7bddfa237b4f910488301b812c1da4c7,exp02: disable npm cache,success,58,install dependencies,13,Set up job,1,24,0,6.98,2026-06-03T16:41:51Z,false,sequential,exp02-cache-disabled
26899169043,https://github.com/calebe-matias/api-de-triagem-ci-cd/actions/runs/26899169043,4042cd0f7bddfa237b4f910488301b812c1da4c7,exp02: disable npm cache,success,58,install dependencies,13,Run actions/checkout@v4,0,24,0,6.98,2026-06-03T16:41:51Z,false,sequential,exp02-cache-disabled
26899169043,https://github.com/calebe-matias/api-de-triagem-ci-cd/actions/runs/26899169043,4042cd0f7bddfa237b4f910488301b812c1da4c7,exp02: disable npm cache,success,58,install dependencies,13,Setup Node with npm cache,0,24,0,6.98,2026-06-03T16:41:51Z,false,sequential,exp02-cache-disabled
26899169043,https://github.com/calebe-matias/api-de-triagem-ci-cd/actions/runs/26899169043,4042cd0f7bddfa237b4f910488301b812c1da4c7,exp02: disable npm cache,success,58,install dependencies,13,Setup Node without cache,5,24,0,6.98,2026-06-03T16:41:51Z,false,sequential,exp02-cache-disabled
26899169043,https://github.com/calebe-matias/api-de-triagem-ci-cd/actions/runs/26899169043,4042cd0f7bddfa237b4f910488301b812c1da4c7,exp02: disable npm cache,success,58,install dependencies,13,Install dependencies,4,24,0,6.98,2026-06-03T16:41:51Z,false,sequential,exp02-cache-disabled
26899169043,https://github.com/calebe-matias/api-de-triagem-ci-cd/actions/runs/26899169043,4042cd0f7bddfa237b4f910488301b812c1da4c7,exp02: disable npm cache,success,58,install dependencies,13,Post Setup Node without cache,0,24,0,6.98,2026-06-03T16:41:51Z,false,sequential,exp02-cache-disabled
26899169043,https://github.com/calebe-matias/api-de-triagem-ci-cd/actions/runs/26899169043,4042cd0f7bddfa237b4f910488301b812c1da4c7,exp02: disable npm cache,success,58,install dependencies,13,Post Run actions/checkout@v4,0,24,0,6.98,2026-06-03T16:41:51Z,false,sequential,exp02-cache-disabled
26899169043,https://github.com/calebe-matias/api-de-triagem-ci-cd/actions/runs/26899169043,4042cd0f7bddfa237b4f910488301b812c1da4c7,exp02: disable npm cache,success,58,install dependencies,13,Complete job,0,24,0,6.98,2026-06-03T16:41:51Z,false,sequential,exp02-cache-disabled
26899169043,https://github.com/calebe-matias/api-de-triagem-ci-cd/actions/runs/26899169043,4042cd0f7bddfa237b4f910488301b812c1da4c7,exp02: disable npm cache,success,58,lint and typecheck,17,Set up job,1,24,0,6.98,2026-06-03T16:41:51Z,false,sequential,exp02-cache-disabled
26899169043,https://github.com/calebe-matias/api-de-triagem-ci-cd/actions/runs/26899169043,4042cd0f7bddfa237b4f910488301b812c1da4c7,exp02: disable npm cache,success,58,lint and typecheck,17,Run actions/checkout@v4,1,24,0,6.98,2026-06-03T16:41:51Z,false,sequential,exp02-cache-disabled
26899169043,https://github.com/calebe-matias/api-de-triagem-ci-cd/actions/runs/26899169043,4042cd0f7bddfa237b4f910488301b812c1da4c7,exp02: disable npm cache,success,58,lint and typecheck,17,Setup Node with npm cache,0,24,0,6.98,2026-06-03T16:41:51Z,false,sequential,exp02-cache-disabled
26899169043,https://github.com/calebe-matias/api-de-triagem-ci-cd/actions/runs/26899169043,4042cd0f7bddfa237b4f910488301b812c1da4c7,exp02: disable npm cache,success,58,lint and typecheck,17,Setup Node without cache,4,24,0,6.98,2026-06-03T16:41:51Z,false,sequential,exp02-cache-disabled
26899169043,https://github.com/calebe-matias/api-de-triagem-ci-cd/actions/runs/26899169043,4042cd0f7bddfa237b4f910488301b812c1da4c7,exp02: disable npm cache,success,58,lint and typecheck,17,Install dependencies,4,24,0,6.98,2026-06-03T16:41:51Z,false,sequential,exp02-cache-disabled
26899169043,https://github.com/calebe-matias/api-de-triagem-ci-cd/actions/runs/26899169043,4042cd0f7bddfa237b4f910488301b812c1da4c7,exp02: disable npm cache,success,58,lint and typecheck,17,ESLint,1,24,0,6.98,2026-06-03T16:41:51Z,false,sequential,exp02-cache-disabled
26899169043,https://github.com/calebe-matias/api-de-triagem-ci-cd/actions/runs/26899169043,4042cd0f7bddfa237b4f910488301b812c1da4c7,exp02: disable npm cache,success,58,lint and typecheck,17,TypeScript,3,24,0,6.98,2026-06-03T16:41:51Z,false,sequential,exp02-cache-disabled
26899169043,https://github.com/calebe-matias/api-de-triagem-ci-cd/actions/runs/26899169043,4042cd0f7bddfa237b4f910488301b812c1da4c7,exp02: disable npm cache,success,58,lint and typecheck,17,Post Setup Node without cache,0,24,0,6.98,2026-06-03T16:41:51Z,false,sequential,exp02-cache-disabled
26899169043,https://github.com/calebe-matias/api-de-triagem-ci-cd/actions/runs/26899169043,4042cd0f7bddfa237b4f910488301b812c1da4c7,exp02: disable npm cache,success,58,lint and typecheck,17,Post Run actions/checkout@v4,0,24,0,6.98,2026-06-03T16:41:51Z,false,sequential,exp02-cache-disabled
26899169043,https://github.com/calebe-matias/api-de-triagem-ci-cd/actions/runs/26899169043,4042cd0f7bddfa237b4f910488301b812c1da4c7,exp02: disable npm cache,success,58,lint and typecheck,17,Complete job,0,24,0,6.98,2026-06-03T16:41:51Z,false,sequential,exp02-cache-disabled
26899169043,https://github.com/calebe-matias/api-de-triagem-ci-cd/actions/runs/26899169043,4042cd0f7bddfa237b4f910488301b812c1da4c7,exp02: disable npm cache,success,58,automated tests,18,Set up job,3,24,0,6.98,2026-06-03T16:41:51Z,false,sequential,exp02-cache-disabled
26899169043,https://github.com/calebe-matias/api-de-triagem-ci-cd/actions/runs/26899169043,4042cd0f7bddfa237b4f910488301b812c1da4c7,exp02: disable npm cache,success,58,automated tests,18,Run actions/checkout@v4,1,24,0,6.98,2026-06-03T16:41:51Z,false,sequential,exp02-cache-disabled
26899169043,https://github.com/calebe-matias/api-de-triagem-ci-cd/actions/runs/26899169043,4042cd0f7bddfa237b4f910488301b812c1da4c7,exp02: disable npm cache,success,58,automated tests,18,Setup Node with npm cache,0,24,0,6.98,2026-06-03T16:41:51Z,false,sequential,exp02-cache-disabled
26899169043,https://github.com/calebe-matias/api-de-triagem-ci-cd/actions/runs/26899169043,4042cd0f7bddfa237b4f910488301b812c1da4c7,exp02: disable npm cache,success,58,automated tests,18,Setup Node without cache,4,24,0,6.98,2026-06-03T16:41:51Z,false,sequential,exp02-cache-disabled
26899169043,https://github.com/calebe-matias/api-de-triagem-ci-cd/actions/runs/26899169043,4042cd0f7bddfa237b4f910488301b812c1da4c7,exp02: disable npm cache,success,58,automated tests,18,Install dependencies,3,24,0,6.98,2026-06-03T16:41:51Z,false,sequential,exp02-cache-disabled
26899169043,https://github.com/calebe-matias/api-de-triagem-ci-cd/actions/runs/26899169043,4042cd0f7bddfa237b4f910488301b812c1da4c7,exp02: disable npm cache,success,58,automated tests,18,Run tests with coverage,1,24,0,6.98,2026-06-03T16:41:51Z,false,sequential,exp02-cache-disabled
26899169043,https://github.com/calebe-matias/api-de-triagem-ci-cd/actions/runs/26899169043,4042cd0f7bddfa237b4f910488301b812c1da4c7,exp02: disable npm cache,success,58,automated tests,18,Write pipeline context,0,24,0,6.98,2026-06-03T16:41:51Z,false,sequential,exp02-cache-disabled
26899169043,https://github.com/calebe-matias/api-de-triagem-ci-cd/actions/runs/26899169043,4042cd0f7bddfa237b4f910488301b812c1da4c7,exp02: disable npm cache,success,58,automated tests,18,Upload pipeline results,2,24,0,6.98,2026-06-03T16:41:51Z,false,sequential,exp02-cache-disabled
26899169043,https://github.com/calebe-matias/api-de-triagem-ci-cd/actions/runs/26899169043,4042cd0f7bddfa237b4f910488301b812c1da4c7,exp02: disable npm cache,success,58,automated tests,18,Post Setup Node without cache,0,24,0,6.98,2026-06-03T16:41:51Z,false,sequential,exp02-cache-disabled
26899169043,https://github.com/calebe-matias/api-de-triagem-ci-cd/actions/runs/26899169043,4042cd0f7bddfa237b4f910488301b812c1da4c7,exp02: disable npm cache,success,58,automated tests,18,Post Run actions/checkout@v4,0,24,0,6.98,2026-06-03T16:41:51Z,false,sequential,exp02-cache-disabled
26899169043,https://github.com/calebe-matias/api-de-triagem-ci-cd/actions/runs/26899169043,4042cd0f7bddfa237b4f910488301b812c1da4c7,exp02: disable npm cache,success,58,automated tests,18,Complete job,0,24,0,6.98,2026-06-03T16:41:51Z,false,sequential,exp02-cache-disabled
26899269186,https://github.com/calebe-matias/api-de-triagem-ci-cd/actions/runs/26899269186,e72ed68f007890eb16c4e7f0cd17fad1fb5057fb,exp03: enable npm cache,success,54,install dependencies,15,Set up job,1,24,0,8.6,2026-06-03T16:43:43Z,true,sequential,exp03-cache-enabled
26899269186,https://github.com/calebe-matias/api-de-triagem-ci-cd/actions/runs/26899269186,e72ed68f007890eb16c4e7f0cd17fad1fb5057fb,exp03: enable npm cache,success,54,install dependencies,15,Run actions/checkout@v4,1,24,0,8.6,2026-06-03T16:43:43Z,true,sequential,exp03-cache-enabled
26899269186,https://github.com/calebe-matias/api-de-triagem-ci-cd/actions/runs/26899269186,e72ed68f007890eb16c4e7f0cd17fad1fb5057fb,exp03: enable npm cache,success,54,install dependencies,15,Setup Node with npm cache,7,24,0,8.6,2026-06-03T16:43:43Z,true,sequential,exp03-cache-enabled
26899269186,https://github.com/calebe-matias/api-de-triagem-ci-cd/actions/runs/26899269186,e72ed68f007890eb16c4e7f0cd17fad1fb5057fb,exp03: enable npm cache,success,54,install dependencies,15,Setup Node without cache,0,24,0,8.6,2026-06-03T16:43:43Z,true,sequential,exp03-cache-enabled
26899269186,https://github.com/calebe-matias/api-de-triagem-ci-cd/actions/runs/26899269186,e72ed68f007890eb16c4e7f0cd17fad1fb5057fb,exp03: enable npm cache,success,54,install dependencies,15,Install dependencies,2,24,0,8.6,2026-06-03T16:43:43Z,true,sequential,exp03-cache-enabled
26899269186,https://github.com/calebe-matias/api-de-triagem-ci-cd/actions/runs/26899269186,e72ed68f007890eb16c4e7f0cd17fad1fb5057fb,exp03: enable npm cache,success,54,install dependencies,15,Post Setup Node with npm cache,0,24,0,8.6,2026-06-03T16:43:43Z,true,sequential,exp03-cache-enabled
26899269186,https://github.com/calebe-matias/api-de-triagem-ci-cd/actions/runs/26899269186,e72ed68f007890eb16c4e7f0cd17fad1fb5057fb,exp03: enable npm cache,success,54,install dependencies,15,Post Run actions/checkout@v4,0,24,0,8.6,2026-06-03T16:43:43Z,true,sequential,exp03-cache-enabled
26899269186,https://github.com/calebe-matias/api-de-triagem-ci-cd/actions/runs/26899269186,e72ed68f007890eb16c4e7f0cd17fad1fb5057fb,exp03: enable npm cache,success,54,install dependencies,15,Complete job,0,24,0,8.6,2026-06-03T16:43:43Z,true,sequential,exp03-cache-enabled
26899269186,https://github.com/calebe-matias/api-de-triagem-ci-cd/actions/runs/26899269186,e72ed68f007890eb16c4e7f0cd17fad1fb5057fb,exp03: enable npm cache,success,54,lint and typecheck,16,Set up job,1,24,0,8.6,2026-06-03T16:43:43Z,true,sequential,exp03-cache-enabled
26899269186,https://github.com/calebe-matias/api-de-triagem-ci-cd/actions/runs/26899269186,e72ed68f007890eb16c4e7f0cd17fad1fb5057fb,exp03: enable npm cache,success,54,lint and typecheck,16,Run actions/checkout@v4,1,24,0,8.6,2026-06-03T16:43:43Z,true,sequential,exp03-cache-enabled
26899269186,https://github.com/calebe-matias/api-de-triagem-ci-cd/actions/runs/26899269186,e72ed68f007890eb16c4e7f0cd17fad1fb5057fb,exp03: enable npm cache,success,54,lint and typecheck,16,Setup Node with npm cache,5,24,0,8.6,2026-06-03T16:43:43Z,true,sequential,exp03-cache-enabled
26899269186,https://github.com/calebe-matias/api-de-triagem-ci-cd/actions/runs/26899269186,e72ed68f007890eb16c4e7f0cd17fad1fb5057fb,exp03: enable npm cache,success,54,lint and typecheck,16,Setup Node without cache,0,24,0,8.6,2026-06-03T16:43:43Z,true,sequential,exp03-cache-enabled
26899269186,https://github.com/calebe-matias/api-de-triagem-ci-cd/actions/runs/26899269186,e72ed68f007890eb16c4e7f0cd17fad1fb5057fb,exp03: enable npm cache,success,54,lint and typecheck,16,Install dependencies,2,24,0,8.6,2026-06-03T16:43:43Z,true,sequential,exp03-cache-enabled
26899269186,https://github.com/calebe-matias/api-de-triagem-ci-cd/actions/runs/26899269186,e72ed68f007890eb16c4e7f0cd17fad1fb5057fb,exp03: enable npm cache,success,54,lint and typecheck,16,ESLint,2,24,0,8.6,2026-06-03T16:43:43Z,true,sequential,exp03-cache-enabled
26899269186,https://github.com/calebe-matias/api-de-triagem-ci-cd/actions/runs/26899269186,e72ed68f007890eb16c4e7f0cd17fad1fb5057fb,exp03: enable npm cache,success,54,lint and typecheck,16,TypeScript,2,24,0,8.6,2026-06-03T16:43:43Z,true,sequential,exp03-cache-enabled
26899269186,https://github.com/calebe-matias/api-de-triagem-ci-cd/actions/runs/26899269186,e72ed68f007890eb16c4e7f0cd17fad1fb5057fb,exp03: enable npm cache,success,54,lint and typecheck,16,Post Setup Node with npm cache,0,24,0,8.6,2026-06-03T16:43:43Z,true,sequential,exp03-cache-enabled
26899269186,https://github.com/calebe-matias/api-de-triagem-ci-cd/actions/runs/26899269186,e72ed68f007890eb16c4e7f0cd17fad1fb5057fb,exp03: enable npm cache,success,54,lint and typecheck,16,Post Run actions/checkout@v4,0,24,0,8.6,2026-06-03T16:43:43Z,true,sequential,exp03-cache-enabled
26899269186,https://github.com/calebe-matias/api-de-triagem-ci-cd/actions/runs/26899269186,e72ed68f007890eb16c4e7f0cd17fad1fb5057fb,exp03: enable npm cache,success,54,lint and typecheck,16,Complete job,0,24,0,8.6,2026-06-03T16:43:43Z,true,sequential,exp03-cache-enabled
26899269186,https://github.com/calebe-matias/api-de-triagem-ci-cd/actions/runs/26899269186,e72ed68f007890eb16c4e7f0cd17fad1fb5057fb,exp03: enable npm cache,success,54,automated tests,14,Set up job,1,24,0,8.6,2026-06-03T16:43:43Z,true,sequential,exp03-cache-enabled
26899269186,https://github.com/calebe-matias/api-de-triagem-ci-cd/actions/runs/26899269186,e72ed68f007890eb16c4e7f0cd17fad1fb5057fb,exp03: enable npm cache,success,54,automated tests,14,Run actions/checkout@v4,0,24,0,8.6,2026-06-03T16:43:43Z,true,sequential,exp03-cache-enabled
26899269186,https://github.com/calebe-matias/api-de-triagem-ci-cd/actions/runs/26899269186,e72ed68f007890eb16c4e7f0cd17fad1fb5057fb,exp03: enable npm cache,success,54,automated tests,14,Setup Node with npm cache,5,24,0,8.6,2026-06-03T16:43:43Z,true,sequential,exp03-cache-enabled
26899269186,https://github.com/calebe-matias/api-de-triagem-ci-cd/actions/runs/26899269186,e72ed68f007890eb16c4e7f0cd17fad1fb5057fb,exp03: enable npm cache,success,54,automated tests,14,Setup Node without cache,0,24,0,8.6,2026-06-03T16:43:43Z,true,sequential,exp03-cache-enabled
26899269186,https://github.com/calebe-matias/api-de-triagem-ci-cd/actions/runs/26899269186,e72ed68f007890eb16c4e7f0cd17fad1fb5057fb,exp03: enable npm cache,success,54,automated tests,14,Install dependencies,3,24,0,8.6,2026-06-03T16:43:43Z,true,sequential,exp03-cache-enabled
26899269186,https://github.com/calebe-matias/api-de-triagem-ci-cd/actions/runs/26899269186,e72ed68f007890eb16c4e7f0cd17fad1fb5057fb,exp03: enable npm cache,success,54,automated tests,14,Run tests with coverage,1,24,0,8.6,2026-06-03T16:43:43Z,true,sequential,exp03-cache-enabled
26899269186,https://github.com/calebe-matias/api-de-triagem-ci-cd/actions/runs/26899269186,e72ed68f007890eb16c4e7f0cd17fad1fb5057fb,exp03: enable npm cache,success,54,automated tests,14,Write pipeline context,0,24,0,8.6,2026-06-03T16:43:43Z,true,sequential,exp03-cache-enabled
26899269186,https://github.com/calebe-matias/api-de-triagem-ci-cd/actions/runs/26899269186,e72ed68f007890eb16c4e7f0cd17fad1fb5057fb,exp03: enable npm cache,success,54,automated tests,14,Upload pipeline results,1,24,0,8.6,2026-06-03T16:43:43Z,true,sequential,exp03-cache-enabled
26899269186,https://github.com/calebe-matias/api-de-triagem-ci-cd/actions/runs/26899269186,e72ed68f007890eb16c4e7f0cd17fad1fb5057fb,exp03: enable npm cache,success,54,automated tests,14,Post Setup Node with npm cache,0,24,0,8.6,2026-06-03T16:43:43Z,true,sequential,exp03-cache-enabled
26899269186,https://github.com/calebe-matias/api-de-triagem-ci-cd/actions/runs/26899269186,e72ed68f007890eb16c4e7f0cd17fad1fb5057fb,exp03: enable npm cache,success,54,automated tests,14,Post Run actions/checkout@v4,0,24,0,8.6,2026-06-03T16:43:43Z,true,sequential,exp03-cache-enabled
26899269186,https://github.com/calebe-matias/api-de-triagem-ci-cd/actions/runs/26899269186,e72ed68f007890eb16c4e7f0cd17fad1fb5057fb,exp03: enable npm cache,success,54,automated tests,14,Complete job,0,24,0,8.6,2026-06-03T16:43:43Z,true,sequential,exp03-cache-enabled
26899370705,https://github.com/calebe-matias/api-de-triagem-ci-cd/actions/runs/26899370705,28caad7079e8d4d7f1c65fa8b0b6ad36d70fb686,exp04: introduce failing risk test,failure,52,install dependencies,14,Set up job,1,24,1,8.95,2026-06-03T16:45:38Z,true,sequential,exp04-failing-risk-test
26899370705,https://github.com/calebe-matias/api-de-triagem-ci-cd/actions/runs/26899370705,28caad7079e8d4d7f1c65fa8b0b6ad36d70fb686,exp04: introduce failing risk test,failure,52,install dependencies,14,Run actions/checkout@v4,2,24,1,8.95,2026-06-03T16:45:38Z,true,sequential,exp04-failing-risk-test
26899370705,https://github.com/calebe-matias/api-de-triagem-ci-cd/actions/runs/26899370705,28caad7079e8d4d7f1c65fa8b0b6ad36d70fb686,exp04: introduce failing risk test,failure,52,install dependencies,14,Setup Node with npm cache,5,24,1,8.95,2026-06-03T16:45:38Z,true,sequential,exp04-failing-risk-test
26899370705,https://github.com/calebe-matias/api-de-triagem-ci-cd/actions/runs/26899370705,28caad7079e8d4d7f1c65fa8b0b6ad36d70fb686,exp04: introduce failing risk test,failure,52,install dependencies,14,Setup Node without cache,0,24,1,8.95,2026-06-03T16:45:38Z,true,sequential,exp04-failing-risk-test
26899370705,https://github.com/calebe-matias/api-de-triagem-ci-cd/actions/runs/26899370705,28caad7079e8d4d7f1c65fa8b0b6ad36d70fb686,exp04: introduce failing risk test,failure,52,install dependencies,14,Install dependencies,3,24,1,8.95,2026-06-03T16:45:38Z,true,sequential,exp04-failing-risk-test
26899370705,https://github.com/calebe-matias/api-de-triagem-ci-cd/actions/runs/26899370705,28caad7079e8d4d7f1c65fa8b0b6ad36d70fb686,exp04: introduce failing risk test,failure,52,install dependencies,14,Post Setup Node with npm cache,0,24,1,8.95,2026-06-03T16:45:38Z,true,sequential,exp04-failing-risk-test
26899370705,https://github.com/calebe-matias/api-de-triagem-ci-cd/actions/runs/26899370705,28caad7079e8d4d7f1c65fa8b0b6ad36d70fb686,exp04: introduce failing risk test,failure,52,install dependencies,14,Post Run actions/checkout@v4,0,24,1,8.95,2026-06-03T16:45:38Z,true,sequential,exp04-failing-risk-test
26899370705,https://github.com/calebe-matias/api-de-triagem-ci-cd/actions/runs/26899370705,28caad7079e8d4d7f1c65fa8b0b6ad36d70fb686,exp04: introduce failing risk test,failure,52,install dependencies,14,Complete job,0,24,1,8.95,2026-06-03T16:45:38Z,true,sequential,exp04-failing-risk-test
26899370705,https://github.com/calebe-matias/api-de-triagem-ci-cd/actions/runs/26899370705,28caad7079e8d4d7f1c65fa8b0b6ad36d70fb686,exp04: introduce failing risk test,failure,52,lint and typecheck,17,Set up job,1,24,1,8.95,2026-06-03T16:45:38Z,true,sequential,exp04-failing-risk-test
26899370705,https://github.com/calebe-matias/api-de-triagem-ci-cd/actions/runs/26899370705,28caad7079e8d4d7f1c65fa8b0b6ad36d70fb686,exp04: introduce failing risk test,failure,52,lint and typecheck,17,Run actions/checkout@v4,0,24,1,8.95,2026-06-03T16:45:38Z,true,sequential,exp04-failing-risk-test
26899370705,https://github.com/calebe-matias/api-de-triagem-ci-cd/actions/runs/26899370705,28caad7079e8d4d7f1c65fa8b0b6ad36d70fb686,exp04: introduce failing risk test,failure,52,lint and typecheck,17,Setup Node with npm cache,6,24,1,8.95,2026-06-03T16:45:38Z,true,sequential,exp04-failing-risk-test
26899370705,https://github.com/calebe-matias/api-de-triagem-ci-cd/actions/runs/26899370705,28caad7079e8d4d7f1c65fa8b0b6ad36d70fb686,exp04: introduce failing risk test,failure,52,lint and typecheck,17,Setup Node without cache,0,24,1,8.95,2026-06-03T16:45:38Z,true,sequential,exp04-failing-risk-test
26899370705,https://github.com/calebe-matias/api-de-triagem-ci-cd/actions/runs/26899370705,28caad7079e8d4d7f1c65fa8b0b6ad36d70fb686,exp04: introduce failing risk test,failure,52,lint and typecheck,17,Install dependencies,3,24,1,8.95,2026-06-03T16:45:38Z,true,sequential,exp04-failing-risk-test
26899370705,https://github.com/calebe-matias/api-de-triagem-ci-cd/actions/runs/26899370705,28caad7079e8d4d7f1c65fa8b0b6ad36d70fb686,exp04: introduce failing risk test,failure,52,lint and typecheck,17,ESLint,1,24,1,8.95,2026-06-03T16:45:38Z,true,sequential,exp04-failing-risk-test
26899370705,https://github.com/calebe-matias/api-de-triagem-ci-cd/actions/runs/26899370705,28caad7079e8d4d7f1c65fa8b0b6ad36d70fb686,exp04: introduce failing risk test,failure,52,lint and typecheck,17,TypeScript,3,24,1,8.95,2026-06-03T16:45:38Z,true,sequential,exp04-failing-risk-test
26899370705,https://github.com/calebe-matias/api-de-triagem-ci-cd/actions/runs/26899370705,28caad7079e8d4d7f1c65fa8b0b6ad36d70fb686,exp04: introduce failing risk test,failure,52,lint and typecheck,17,Post Setup Node with npm cache,0,24,1,8.95,2026-06-03T16:45:38Z,true,sequential,exp04-failing-risk-test
26899370705,https://github.com/calebe-matias/api-de-triagem-ci-cd/actions/runs/26899370705,28caad7079e8d4d7f1c65fa8b0b6ad36d70fb686,exp04: introduce failing risk test,failure,52,lint and typecheck,17,Post Run actions/checkout@v4,0,24,1,8.95,2026-06-03T16:45:38Z,true,sequential,exp04-failing-risk-test
26899370705,https://github.com/calebe-matias/api-de-triagem-ci-cd/actions/runs/26899370705,28caad7079e8d4d7f1c65fa8b0b6ad36d70fb686,exp04: introduce failing risk test,failure,52,lint and typecheck,17,Complete job,0,24,1,8.95,2026-06-03T16:45:38Z,true,sequential,exp04-failing-risk-test
26899370705,https://github.com/calebe-matias/api-de-triagem-ci-cd/actions/runs/26899370705,28caad7079e8d4d7f1c65fa8b0b6ad36d70fb686,exp04: introduce failing risk test,failure,52,automated tests,13,Set up job,2,24,1,8.95,2026-06-03T16:45:38Z,true,sequential,exp04-failing-risk-test
26899370705,https://github.com/calebe-matias/api-de-triagem-ci-cd/actions/runs/26899370705,28caad7079e8d4d7f1c65fa8b0b6ad36d70fb686,exp04: introduce failing risk test,failure,52,automated tests,13,Run actions/checkout@v4,0,24,1,8.95,2026-06-03T16:45:38Z,true,sequential,exp04-failing-risk-test
26899370705,https://github.com/calebe-matias/api-de-triagem-ci-cd/actions/runs/26899370705,28caad7079e8d4d7f1c65fa8b0b6ad36d70fb686,exp04: introduce failing risk test,failure,52,automated tests,13,Setup Node with npm cache,5,24,1,8.95,2026-06-03T16:45:38Z,true,sequential,exp04-failing-risk-test
26899370705,https://github.com/calebe-matias/api-de-triagem-ci-cd/actions/runs/26899370705,28caad7079e8d4d7f1c65fa8b0b6ad36d70fb686,exp04: introduce failing risk test,failure,52,automated tests,13,Setup Node without cache,0,24,1,8.95,2026-06-03T16:45:38Z,true,sequential,exp04-failing-risk-test
26899370705,https://github.com/calebe-matias/api-de-triagem-ci-cd/actions/runs/26899370705,28caad7079e8d4d7f1c65fa8b0b6ad36d70fb686,exp04: introduce failing risk test,failure,52,automated tests,13,Install dependencies,2,24,1,8.95,2026-06-03T16:45:38Z,true,sequential,exp04-failing-risk-test
26899370705,https://github.com/calebe-matias/api-de-triagem-ci-cd/actions/runs/26899370705,28caad7079e8d4d7f1c65fa8b0b6ad36d70fb686,exp04: introduce failing risk test,failure,52,automated tests,13,Run tests with coverage,2,24,1,8.95,2026-06-03T16:45:38Z,true,sequential,exp04-failing-risk-test
26899370705,https://github.com/calebe-matias/api-de-triagem-ci-cd/actions/runs/26899370705,28caad7079e8d4d7f1c65fa8b0b6ad36d70fb686,exp04: introduce failing risk test,failure,52,automated tests,13,Write pipeline context,0,24,1,8.95,2026-06-03T16:45:38Z,true,sequential,exp04-failing-risk-test
26899370705,https://github.com/calebe-matias/api-de-triagem-ci-cd/actions/runs/26899370705,28caad7079e8d4d7f1c65fa8b0b6ad36d70fb686,exp04: introduce failing risk test,failure,52,automated tests,13,Upload pipeline results,1,24,1,8.95,2026-06-03T16:45:38Z,true,sequential,exp04-failing-risk-test
26899370705,https://github.com/calebe-matias/api-de-triagem-ci-cd/actions/runs/26899370705,28caad7079e8d4d7f1c65fa8b0b6ad36d70fb686,exp04: introduce failing risk test,failure,52,automated tests,13,Post Setup Node with npm cache,0,24,1,8.95,2026-06-03T16:45:38Z,true,sequential,exp04-failing-risk-test
26899370705,https://github.com/calebe-matias/api-de-triagem-ci-cd/actions/runs/26899370705,28caad7079e8d4d7f1c65fa8b0b6ad36d70fb686,exp04: introduce failing risk test,failure,52,automated tests,13,Post Run actions/checkout@v4,0,24,1,8.95,2026-06-03T16:45:38Z,true,sequential,exp04-failing-risk-test
26899370705,https://github.com/calebe-matias/api-de-triagem-ci-cd/actions/runs/26899370705,28caad7079e8d4d7f1c65fa8b0b6ad36d70fb686,exp04: introduce failing risk test,failure,52,automated tests,13,Complete job,0,24,1,8.95,2026-06-03T16:45:38Z,true,sequential,exp04-failing-risk-test
26899465232,https://github.com/calebe-matias/api-de-triagem-ci-cd/actions/runs/26899465232,b21d1918c6d0bacadbdb81e3a2d3b5a32092c0bc,exp05: fix failing risk test,success,58,install dependencies,17,Set up job,1,24,0,8.96,2026-06-03T16:47:26Z,true,sequential,exp05-risk-test-fixed
26899465232,https://github.com/calebe-matias/api-de-triagem-ci-cd/actions/runs/26899465232,b21d1918c6d0bacadbdb81e3a2d3b5a32092c0bc,exp05: fix failing risk test,success,58,install dependencies,17,Run actions/checkout@v4,1,24,0,8.96,2026-06-03T16:47:26Z,true,sequential,exp05-risk-test-fixed
26899465232,https://github.com/calebe-matias/api-de-triagem-ci-cd/actions/runs/26899465232,b21d1918c6d0bacadbdb81e3a2d3b5a32092c0bc,exp05: fix failing risk test,success,58,install dependencies,17,Setup Node with npm cache,7,24,0,8.96,2026-06-03T16:47:26Z,true,sequential,exp05-risk-test-fixed
26899465232,https://github.com/calebe-matias/api-de-triagem-ci-cd/actions/runs/26899465232,b21d1918c6d0bacadbdb81e3a2d3b5a32092c0bc,exp05: fix failing risk test,success,58,install dependencies,17,Setup Node without cache,0,24,0,8.96,2026-06-03T16:47:26Z,true,sequential,exp05-risk-test-fixed
26899465232,https://github.com/calebe-matias/api-de-triagem-ci-cd/actions/runs/26899465232,b21d1918c6d0bacadbdb81e3a2d3b5a32092c0bc,exp05: fix failing risk test,success,58,install dependencies,17,Install dependencies,3,24,0,8.96,2026-06-03T16:47:26Z,true,sequential,exp05-risk-test-fixed
26899465232,https://github.com/calebe-matias/api-de-triagem-ci-cd/actions/runs/26899465232,b21d1918c6d0bacadbdb81e3a2d3b5a32092c0bc,exp05: fix failing risk test,success,58,install dependencies,17,Post Setup Node with npm cache,0,24,0,8.96,2026-06-03T16:47:26Z,true,sequential,exp05-risk-test-fixed
26899465232,https://github.com/calebe-matias/api-de-triagem-ci-cd/actions/runs/26899465232,b21d1918c6d0bacadbdb81e3a2d3b5a32092c0bc,exp05: fix failing risk test,success,58,install dependencies,17,Post Run actions/checkout@v4,1,24,0,8.96,2026-06-03T16:47:26Z,true,sequential,exp05-risk-test-fixed
26899465232,https://github.com/calebe-matias/api-de-triagem-ci-cd/actions/runs/26899465232,b21d1918c6d0bacadbdb81e3a2d3b5a32092c0bc,exp05: fix failing risk test,success,58,install dependencies,17,Complete job,0,24,0,8.96,2026-06-03T16:47:26Z,true,sequential,exp05-risk-test-fixed
26899465232,https://github.com/calebe-matias/api-de-triagem-ci-cd/actions/runs/26899465232,b21d1918c6d0bacadbdb81e3a2d3b5a32092c0bc,exp05: fix failing risk test,success,58,lint and typecheck,19,Set up job,1,24,0,8.96,2026-06-03T16:47:26Z,true,sequential,exp05-risk-test-fixed
26899465232,https://github.com/calebe-matias/api-de-triagem-ci-cd/actions/runs/26899465232,b21d1918c6d0bacadbdb81e3a2d3b5a32092c0bc,exp05: fix failing risk test,success,58,lint and typecheck,19,Run actions/checkout@v4,1,24,0,8.96,2026-06-03T16:47:26Z,true,sequential,exp05-risk-test-fixed
26899465232,https://github.com/calebe-matias/api-de-triagem-ci-cd/actions/runs/26899465232,b21d1918c6d0bacadbdb81e3a2d3b5a32092c0bc,exp05: fix failing risk test,success,58,lint and typecheck,19,Setup Node with npm cache,7,24,0,8.96,2026-06-03T16:47:26Z,true,sequential,exp05-risk-test-fixed
26899465232,https://github.com/calebe-matias/api-de-triagem-ci-cd/actions/runs/26899465232,b21d1918c6d0bacadbdb81e3a2d3b5a32092c0bc,exp05: fix failing risk test,success,58,lint and typecheck,19,Setup Node without cache,0,24,0,8.96,2026-06-03T16:47:26Z,true,sequential,exp05-risk-test-fixed
26899465232,https://github.com/calebe-matias/api-de-triagem-ci-cd/actions/runs/26899465232,b21d1918c6d0bacadbdb81e3a2d3b5a32092c0bc,exp05: fix failing risk test,success,58,lint and typecheck,19,Install dependencies,2,24,0,8.96,2026-06-03T16:47:26Z,true,sequential,exp05-risk-test-fixed
26899465232,https://github.com/calebe-matias/api-de-triagem-ci-cd/actions/runs/26899465232,b21d1918c6d0bacadbdb81e3a2d3b5a32092c0bc,exp05: fix failing risk test,success,58,lint and typecheck,19,ESLint,1,24,0,8.96,2026-06-03T16:47:26Z,true,sequential,exp05-risk-test-fixed
26899465232,https://github.com/calebe-matias/api-de-triagem-ci-cd/actions/runs/26899465232,b21d1918c6d0bacadbdb81e3a2d3b5a32092c0bc,exp05: fix failing risk test,success,58,lint and typecheck,19,TypeScript,3,24,0,8.96,2026-06-03T16:47:26Z,true,sequential,exp05-risk-test-fixed
26899465232,https://github.com/calebe-matias/api-de-triagem-ci-cd/actions/runs/26899465232,b21d1918c6d0bacadbdb81e3a2d3b5a32092c0bc,exp05: fix failing risk test,success,58,lint and typecheck,19,Post Setup Node with npm cache,0,24,0,8.96,2026-06-03T16:47:26Z,true,sequential,exp05-risk-test-fixed
26899465232,https://github.com/calebe-matias/api-de-triagem-ci-cd/actions/runs/26899465232,b21d1918c6d0bacadbdb81e3a2d3b5a32092c0bc,exp05: fix failing risk test,success,58,lint and typecheck,19,Post Run actions/checkout@v4,0,24,0,8.96,2026-06-03T16:47:26Z,true,sequential,exp05-risk-test-fixed
26899465232,https://github.com/calebe-matias/api-de-triagem-ci-cd/actions/runs/26899465232,b21d1918c6d0bacadbdb81e3a2d3b5a32092c0bc,exp05: fix failing risk test,success,58,lint and typecheck,19,Complete job,0,24,0,8.96,2026-06-03T16:47:26Z,true,sequential,exp05-risk-test-fixed
26899465232,https://github.com/calebe-matias/api-de-triagem-ci-cd/actions/runs/26899465232,b21d1918c6d0bacadbdb81e3a2d3b5a32092c0bc,exp05: fix failing risk test,success,58,automated tests,13,Set up job,1,24,0,8.96,2026-06-03T16:47:26Z,true,sequential,exp05-risk-test-fixed
26899465232,https://github.com/calebe-matias/api-de-triagem-ci-cd/actions/runs/26899465232,b21d1918c6d0bacadbdb81e3a2d3b5a32092c0bc,exp05: fix failing risk test,success,58,automated tests,13,Run actions/checkout@v4,1,24,0,8.96,2026-06-03T16:47:26Z,true,sequential,exp05-risk-test-fixed
26899465232,https://github.com/calebe-matias/api-de-triagem-ci-cd/actions/runs/26899465232,b21d1918c6d0bacadbdb81e3a2d3b5a32092c0bc,exp05: fix failing risk test,success,58,automated tests,13,Setup Node with npm cache,4,24,0,8.96,2026-06-03T16:47:26Z,true,sequential,exp05-risk-test-fixed
26899465232,https://github.com/calebe-matias/api-de-triagem-ci-cd/actions/runs/26899465232,b21d1918c6d0bacadbdb81e3a2d3b5a32092c0bc,exp05: fix failing risk test,success,58,automated tests,13,Setup Node without cache,0,24,0,8.96,2026-06-03T16:47:26Z,true,sequential,exp05-risk-test-fixed
26899465232,https://github.com/calebe-matias/api-de-triagem-ci-cd/actions/runs/26899465232,b21d1918c6d0bacadbdb81e3a2d3b5a32092c0bc,exp05: fix failing risk test,success,58,automated tests,13,Install dependencies,3,24,0,8.96,2026-06-03T16:47:26Z,true,sequential,exp05-risk-test-fixed
26899465232,https://github.com/calebe-matias/api-de-triagem-ci-cd/actions/runs/26899465232,b21d1918c6d0bacadbdb81e3a2d3b5a32092c0bc,exp05: fix failing risk test,success,58,automated tests,13,Run tests with coverage,2,24,0,8.96,2026-06-03T16:47:26Z,true,sequential,exp05-risk-test-fixed
26899465232,https://github.com/calebe-matias/api-de-triagem-ci-cd/actions/runs/26899465232,b21d1918c6d0bacadbdb81e3a2d3b5a32092c0bc,exp05: fix failing risk test,success,58,automated tests,13,Write pipeline context,0,24,0,8.96,2026-06-03T16:47:26Z,true,sequential,exp05-risk-test-fixed
26899465232,https://github.com/calebe-matias/api-de-triagem-ci-cd/actions/runs/26899465232,b21d1918c6d0bacadbdb81e3a2d3b5a32092c0bc,exp05: fix failing risk test,success,58,automated tests,13,Upload pipeline results,1,24,0,8.96,2026-06-03T16:47:26Z,true,sequential,exp05-risk-test-fixed
26899465232,https://github.com/calebe-matias/api-de-triagem-ci-cd/actions/runs/26899465232,b21d1918c6d0bacadbdb81e3a2d3b5a32092c0bc,exp05: fix failing risk test,success,58,automated tests,13,Post Setup Node with npm cache,0,24,0,8.96,2026-06-03T16:47:26Z,true,sequential,exp05-risk-test-fixed
26899465232,https://github.com/calebe-matias/api-de-triagem-ci-cd/actions/runs/26899465232,b21d1918c6d0bacadbdb81e3a2d3b5a32092c0bc,exp05: fix failing risk test,success,58,automated tests,13,Post Run actions/checkout@v4,0,24,0,8.96,2026-06-03T16:47:26Z,true,sequential,exp05-risk-test-fixed
26899465232,https://github.com/calebe-matias/api-de-triagem-ci-cd/actions/runs/26899465232,b21d1918c6d0bacadbdb81e3a2d3b5a32092c0bc,exp05: fix failing risk test,success,58,automated tests,13,Complete job,0,24,0,8.96,2026-06-03T16:47:26Z,true,sequential,exp05-risk-test-fixed
26899560979,https://github.com/calebe-matias/api-de-triagem-ci-cd/actions/runs/26899560979,4a41a8c1b0b1737e5452d0202adea20a42eac6d4,exp06: add slow triage test,success,55,install dependencies,11,Set up job,0,24,0,112.62,2026-06-03T16:49:17Z,true,sequential,exp06-slow-test
26899560979,https://github.com/calebe-matias/api-de-triagem-ci-cd/actions/runs/26899560979,4a41a8c1b0b1737e5452d0202adea20a42eac6d4,exp06: add slow triage test,success,55,install dependencies,11,Run actions/checkout@v4,0,24,0,112.62,2026-06-03T16:49:17Z,true,sequential,exp06-slow-test
26899560979,https://github.com/calebe-matias/api-de-triagem-ci-cd/actions/runs/26899560979,4a41a8c1b0b1737e5452d0202adea20a42eac6d4,exp06: add slow triage test,success,55,install dependencies,11,Setup Node with npm cache,5,24,0,112.62,2026-06-03T16:49:17Z,true,sequential,exp06-slow-test
26899560979,https://github.com/calebe-matias/api-de-triagem-ci-cd/actions/runs/26899560979,4a41a8c1b0b1737e5452d0202adea20a42eac6d4,exp06: add slow triage test,success,55,install dependencies,11,Setup Node without cache,0,24,0,112.62,2026-06-03T16:49:17Z,true,sequential,exp06-slow-test
26899560979,https://github.com/calebe-matias/api-de-triagem-ci-cd/actions/runs/26899560979,4a41a8c1b0b1737e5452d0202adea20a42eac6d4,exp06: add slow triage test,success,55,install dependencies,11,Install dependencies,2,24,0,112.62,2026-06-03T16:49:17Z,true,sequential,exp06-slow-test
26899560979,https://github.com/calebe-matias/api-de-triagem-ci-cd/actions/runs/26899560979,4a41a8c1b0b1737e5452d0202adea20a42eac6d4,exp06: add slow triage test,success,55,install dependencies,11,Post Setup Node with npm cache,0,24,0,112.62,2026-06-03T16:49:17Z,true,sequential,exp06-slow-test
26899560979,https://github.com/calebe-matias/api-de-triagem-ci-cd/actions/runs/26899560979,4a41a8c1b0b1737e5452d0202adea20a42eac6d4,exp06: add slow triage test,success,55,install dependencies,11,Post Run actions/checkout@v4,1,24,0,112.62,2026-06-03T16:49:17Z,true,sequential,exp06-slow-test
26899560979,https://github.com/calebe-matias/api-de-triagem-ci-cd/actions/runs/26899560979,4a41a8c1b0b1737e5452d0202adea20a42eac6d4,exp06: add slow triage test,success,55,install dependencies,11,Complete job,0,24,0,112.62,2026-06-03T16:49:17Z,true,sequential,exp06-slow-test
26899560979,https://github.com/calebe-matias/api-de-triagem-ci-cd/actions/runs/26899560979,4a41a8c1b0b1737e5452d0202adea20a42eac6d4,exp06: add slow triage test,success,55,lint and typecheck,15,Set up job,1,24,0,112.62,2026-06-03T16:49:17Z,true,sequential,exp06-slow-test
26899560979,https://github.com/calebe-matias/api-de-triagem-ci-cd/actions/runs/26899560979,4a41a8c1b0b1737e5452d0202adea20a42eac6d4,exp06: add slow triage test,success,55,lint and typecheck,15,Run actions/checkout@v4,2,24,0,112.62,2026-06-03T16:49:17Z,true,sequential,exp06-slow-test
26899560979,https://github.com/calebe-matias/api-de-triagem-ci-cd/actions/runs/26899560979,4a41a8c1b0b1737e5452d0202adea20a42eac6d4,exp06: add slow triage test,success,55,lint and typecheck,15,Setup Node with npm cache,4,24,0,112.62,2026-06-03T16:49:17Z,true,sequential,exp06-slow-test
26899560979,https://github.com/calebe-matias/api-de-triagem-ci-cd/actions/runs/26899560979,4a41a8c1b0b1737e5452d0202adea20a42eac6d4,exp06: add slow triage test,success,55,lint and typecheck,15,Setup Node without cache,0,24,0,112.62,2026-06-03T16:49:17Z,true,sequential,exp06-slow-test
26899560979,https://github.com/calebe-matias/api-de-triagem-ci-cd/actions/runs/26899560979,4a41a8c1b0b1737e5452d0202adea20a42eac6d4,exp06: add slow triage test,success,55,lint and typecheck,15,Install dependencies,3,24,0,112.62,2026-06-03T16:49:17Z,true,sequential,exp06-slow-test
26899560979,https://github.com/calebe-matias/api-de-triagem-ci-cd/actions/runs/26899560979,4a41a8c1b0b1737e5452d0202adea20a42eac6d4,exp06: add slow triage test,success,55,lint and typecheck,15,ESLint,1,24,0,112.62,2026-06-03T16:49:17Z,true,sequential,exp06-slow-test
26899560979,https://github.com/calebe-matias/api-de-triagem-ci-cd/actions/runs/26899560979,4a41a8c1b0b1737e5452d0202adea20a42eac6d4,exp06: add slow triage test,success,55,lint and typecheck,15,TypeScript,2,24,0,112.62,2026-06-03T16:49:17Z,true,sequential,exp06-slow-test
26899560979,https://github.com/calebe-matias/api-de-triagem-ci-cd/actions/runs/26899560979,4a41a8c1b0b1737e5452d0202adea20a42eac6d4,exp06: add slow triage test,success,55,lint and typecheck,15,Post Setup Node with npm cache,0,24,0,112.62,2026-06-03T16:49:17Z,true,sequential,exp06-slow-test
26899560979,https://github.com/calebe-matias/api-de-triagem-ci-cd/actions/runs/26899560979,4a41a8c1b0b1737e5452d0202adea20a42eac6d4,exp06: add slow triage test,success,55,lint and typecheck,15,Post Run actions/checkout@v4,0,24,0,112.62,2026-06-03T16:49:17Z,true,sequential,exp06-slow-test
26899560979,https://github.com/calebe-matias/api-de-triagem-ci-cd/actions/runs/26899560979,4a41a8c1b0b1737e5452d0202adea20a42eac6d4,exp06: add slow triage test,success,55,lint and typecheck,15,Complete job,0,24,0,112.62,2026-06-03T16:49:17Z,true,sequential,exp06-slow-test
26899560979,https://github.com/calebe-matias/api-de-triagem-ci-cd/actions/runs/26899560979,4a41a8c1b0b1737e5452d0202adea20a42eac6d4,exp06: add slow triage test,success,55,automated tests,18,Set up job,1,24,0,112.62,2026-06-03T16:49:17Z,true,sequential,exp06-slow-test
26899560979,https://github.com/calebe-matias/api-de-triagem-ci-cd/actions/runs/26899560979,4a41a8c1b0b1737e5452d0202adea20a42eac6d4,exp06: add slow triage test,success,55,automated tests,18,Run actions/checkout@v4,1,24,0,112.62,2026-06-03T16:49:17Z,true,sequential,exp06-slow-test
26899560979,https://github.com/calebe-matias/api-de-triagem-ci-cd/actions/runs/26899560979,4a41a8c1b0b1737e5452d0202adea20a42eac6d4,exp06: add slow triage test,success,55,automated tests,18,Setup Node with npm cache,6,24,0,112.62,2026-06-03T16:49:17Z,true,sequential,exp06-slow-test
26899560979,https://github.com/calebe-matias/api-de-triagem-ci-cd/actions/runs/26899560979,4a41a8c1b0b1737e5452d0202adea20a42eac6d4,exp06: add slow triage test,success,55,automated tests,18,Setup Node without cache,0,24,0,112.62,2026-06-03T16:49:17Z,true,sequential,exp06-slow-test
26899560979,https://github.com/calebe-matias/api-de-triagem-ci-cd/actions/runs/26899560979,4a41a8c1b0b1737e5452d0202adea20a42eac6d4,exp06: add slow triage test,success,55,automated tests,18,Install dependencies,2,24,0,112.62,2026-06-03T16:49:17Z,true,sequential,exp06-slow-test
26899560979,https://github.com/calebe-matias/api-de-triagem-ci-cd/actions/runs/26899560979,4a41a8c1b0b1737e5452d0202adea20a42eac6d4,exp06: add slow triage test,success,55,automated tests,18,Run tests with coverage,4,24,0,112.62,2026-06-03T16:49:17Z,true,sequential,exp06-slow-test
26899560979,https://github.com/calebe-matias/api-de-triagem-ci-cd/actions/runs/26899560979,4a41a8c1b0b1737e5452d0202adea20a42eac6d4,exp06: add slow triage test,success,55,automated tests,18,Write pipeline context,0,24,0,112.62,2026-06-03T16:49:17Z,true,sequential,exp06-slow-test
26899560979,https://github.com/calebe-matias/api-de-triagem-ci-cd/actions/runs/26899560979,4a41a8c1b0b1737e5452d0202adea20a42eac6d4,exp06: add slow triage test,success,55,automated tests,18,Upload pipeline results,1,24,0,112.62,2026-06-03T16:49:17Z,true,sequential,exp06-slow-test
26899560979,https://github.com/calebe-matias/api-de-triagem-ci-cd/actions/runs/26899560979,4a41a8c1b0b1737e5452d0202adea20a42eac6d4,exp06: add slow triage test,success,55,automated tests,18,Post Setup Node with npm cache,0,24,0,112.62,2026-06-03T16:49:17Z,true,sequential,exp06-slow-test
26899560979,https://github.com/calebe-matias/api-de-triagem-ci-cd/actions/runs/26899560979,4a41a8c1b0b1737e5452d0202adea20a42eac6d4,exp06: add slow triage test,success,55,automated tests,18,Post Run actions/checkout@v4,0,24,0,112.62,2026-06-03T16:49:17Z,true,sequential,exp06-slow-test
26899560979,https://github.com/calebe-matias/api-de-triagem-ci-cd/actions/runs/26899560979,4a41a8c1b0b1737e5452d0202adea20a42eac6d4,exp06: add slow triage test,success,55,automated tests,18,Complete job,0,24,0,112.62,2026-06-03T16:49:17Z,true,sequential,exp06-slow-test
26899659061,https://github.com/calebe-matias/api-de-triagem-ci-cd/actions/runs/26899659061,be83a9c195cba381f015a43f758e73a8d891b35e,exp07: remove slow triage test,success,60,install dependencies,15,Set up job,2,24,0,8,2026-06-03T16:51:07Z,true,sequential,exp07-slow-test-removed
26899659061,https://github.com/calebe-matias/api-de-triagem-ci-cd/actions/runs/26899659061,be83a9c195cba381f015a43f758e73a8d891b35e,exp07: remove slow triage test,success,60,install dependencies,15,Run actions/checkout@v4,1,24,0,8,2026-06-03T16:51:07Z,true,sequential,exp07-slow-test-removed
26899659061,https://github.com/calebe-matias/api-de-triagem-ci-cd/actions/runs/26899659061,be83a9c195cba381f015a43f758e73a8d891b35e,exp07: remove slow triage test,success,60,install dependencies,15,Setup Node with npm cache,6,24,0,8,2026-06-03T16:51:07Z,true,sequential,exp07-slow-test-removed
26899659061,https://github.com/calebe-matias/api-de-triagem-ci-cd/actions/runs/26899659061,be83a9c195cba381f015a43f758e73a8d891b35e,exp07: remove slow triage test,success,60,install dependencies,15,Setup Node without cache,0,24,0,8,2026-06-03T16:51:07Z,true,sequential,exp07-slow-test-removed
26899659061,https://github.com/calebe-matias/api-de-triagem-ci-cd/actions/runs/26899659061,be83a9c195cba381f015a43f758e73a8d891b35e,exp07: remove slow triage test,success,60,install dependencies,15,Install dependencies,2,24,0,8,2026-06-03T16:51:07Z,true,sequential,exp07-slow-test-removed
26899659061,https://github.com/calebe-matias/api-de-triagem-ci-cd/actions/runs/26899659061,be83a9c195cba381f015a43f758e73a8d891b35e,exp07: remove slow triage test,success,60,install dependencies,15,Post Setup Node with npm cache,0,24,0,8,2026-06-03T16:51:07Z,true,sequential,exp07-slow-test-removed
26899659061,https://github.com/calebe-matias/api-de-triagem-ci-cd/actions/runs/26899659061,be83a9c195cba381f015a43f758e73a8d891b35e,exp07: remove slow triage test,success,60,install dependencies,15,Post Run actions/checkout@v4,0,24,0,8,2026-06-03T16:51:07Z,true,sequential,exp07-slow-test-removed
26899659061,https://github.com/calebe-matias/api-de-triagem-ci-cd/actions/runs/26899659061,be83a9c195cba381f015a43f758e73a8d891b35e,exp07: remove slow triage test,success,60,install dependencies,15,Complete job,1,24,0,8,2026-06-03T16:51:07Z,true,sequential,exp07-slow-test-removed
26899659061,https://github.com/calebe-matias/api-de-triagem-ci-cd/actions/runs/26899659061,be83a9c195cba381f015a43f758e73a8d891b35e,exp07: remove slow triage test,success,60,lint and typecheck,19,Set up job,1,24,0,8,2026-06-03T16:51:07Z,true,sequential,exp07-slow-test-removed
26899659061,https://github.com/calebe-matias/api-de-triagem-ci-cd/actions/runs/26899659061,be83a9c195cba381f015a43f758e73a8d891b35e,exp07: remove slow triage test,success,60,lint and typecheck,19,Run actions/checkout@v4,1,24,0,8,2026-06-03T16:51:07Z,true,sequential,exp07-slow-test-removed
26899659061,https://github.com/calebe-matias/api-de-triagem-ci-cd/actions/runs/26899659061,be83a9c195cba381f015a43f758e73a8d891b35e,exp07: remove slow triage test,success,60,lint and typecheck,19,Setup Node with npm cache,9,24,0,8,2026-06-03T16:51:07Z,true,sequential,exp07-slow-test-removed
26899659061,https://github.com/calebe-matias/api-de-triagem-ci-cd/actions/runs/26899659061,be83a9c195cba381f015a43f758e73a8d891b35e,exp07: remove slow triage test,success,60,lint and typecheck,19,Setup Node without cache,0,24,0,8,2026-06-03T16:51:07Z,true,sequential,exp07-slow-test-removed
26899659061,https://github.com/calebe-matias/api-de-triagem-ci-cd/actions/runs/26899659061,be83a9c195cba381f015a43f758e73a8d891b35e,exp07: remove slow triage test,success,60,lint and typecheck,19,Install dependencies,2,24,0,8,2026-06-03T16:51:07Z,true,sequential,exp07-slow-test-removed
26899659061,https://github.com/calebe-matias/api-de-triagem-ci-cd/actions/runs/26899659061,be83a9c195cba381f015a43f758e73a8d891b35e,exp07: remove slow triage test,success,60,lint and typecheck,19,ESLint,1,24,0,8,2026-06-03T16:51:07Z,true,sequential,exp07-slow-test-removed
26899659061,https://github.com/calebe-matias/api-de-triagem-ci-cd/actions/runs/26899659061,be83a9c195cba381f015a43f758e73a8d891b35e,exp07: remove slow triage test,success,60,lint and typecheck,19,TypeScript,2,24,0,8,2026-06-03T16:51:07Z,true,sequential,exp07-slow-test-removed
26899659061,https://github.com/calebe-matias/api-de-triagem-ci-cd/actions/runs/26899659061,be83a9c195cba381f015a43f758e73a8d891b35e,exp07: remove slow triage test,success,60,lint and typecheck,19,Post Setup Node with npm cache,0,24,0,8,2026-06-03T16:51:07Z,true,sequential,exp07-slow-test-removed
26899659061,https://github.com/calebe-matias/api-de-triagem-ci-cd/actions/runs/26899659061,be83a9c195cba381f015a43f758e73a8d891b35e,exp07: remove slow triage test,success,60,lint and typecheck,19,Post Run actions/checkout@v4,0,24,0,8,2026-06-03T16:51:07Z,true,sequential,exp07-slow-test-removed
26899659061,https://github.com/calebe-matias/api-de-triagem-ci-cd/actions/runs/26899659061,be83a9c195cba381f015a43f758e73a8d891b35e,exp07: remove slow triage test,success,60,lint and typecheck,19,Complete job,0,24,0,8,2026-06-03T16:51:07Z,true,sequential,exp07-slow-test-removed
26899659061,https://github.com/calebe-matias/api-de-triagem-ci-cd/actions/runs/26899659061,be83a9c195cba381f015a43f758e73a8d891b35e,exp07: remove slow triage test,success,60,automated tests,16,Set up job,1,24,0,8,2026-06-03T16:51:07Z,true,sequential,exp07-slow-test-removed
26899659061,https://github.com/calebe-matias/api-de-triagem-ci-cd/actions/runs/26899659061,be83a9c195cba381f015a43f758e73a8d891b35e,exp07: remove slow triage test,success,60,automated tests,16,Run actions/checkout@v4,0,24,0,8,2026-06-03T16:51:07Z,true,sequential,exp07-slow-test-removed
26899659061,https://github.com/calebe-matias/api-de-triagem-ci-cd/actions/runs/26899659061,be83a9c195cba381f015a43f758e73a8d891b35e,exp07: remove slow triage test,success,60,automated tests,16,Setup Node with npm cache,6,24,0,8,2026-06-03T16:51:07Z,true,sequential,exp07-slow-test-removed
26899659061,https://github.com/calebe-matias/api-de-triagem-ci-cd/actions/runs/26899659061,be83a9c195cba381f015a43f758e73a8d891b35e,exp07: remove slow triage test,success,60,automated tests,16,Setup Node without cache,0,24,0,8,2026-06-03T16:51:07Z,true,sequential,exp07-slow-test-removed
26899659061,https://github.com/calebe-matias/api-de-triagem-ci-cd/actions/runs/26899659061,be83a9c195cba381f015a43f758e73a8d891b35e,exp07: remove slow triage test,success,60,automated tests,16,Install dependencies,3,24,0,8,2026-06-03T16:51:07Z,true,sequential,exp07-slow-test-removed
26899659061,https://github.com/calebe-matias/api-de-triagem-ci-cd/actions/runs/26899659061,be83a9c195cba381f015a43f758e73a8d891b35e,exp07: remove slow triage test,success,60,automated tests,16,Run tests with coverage,1,24,0,8,2026-06-03T16:51:07Z,true,sequential,exp07-slow-test-removed
26899659061,https://github.com/calebe-matias/api-de-triagem-ci-cd/actions/runs/26899659061,be83a9c195cba381f015a43f758e73a8d891b35e,exp07: remove slow triage test,success,60,automated tests,16,Write pipeline context,0,24,0,8,2026-06-03T16:51:07Z,true,sequential,exp07-slow-test-removed
26899659061,https://github.com/calebe-matias/api-de-triagem-ci-cd/actions/runs/26899659061,be83a9c195cba381f015a43f758e73a8d891b35e,exp07: remove slow triage test,success,60,automated tests,16,Upload pipeline results,1,24,0,8,2026-06-03T16:51:07Z,true,sequential,exp07-slow-test-removed
26899659061,https://github.com/calebe-matias/api-de-triagem-ci-cd/actions/runs/26899659061,be83a9c195cba381f015a43f758e73a8d891b35e,exp07: remove slow triage test,success,60,automated tests,16,Post Setup Node with npm cache,1,24,0,8,2026-06-03T16:51:07Z,true,sequential,exp07-slow-test-removed
26899659061,https://github.com/calebe-matias/api-de-triagem-ci-cd/actions/runs/26899659061,be83a9c195cba381f015a43f758e73a8d891b35e,exp07: remove slow triage test,success,60,automated tests,16,Post Run actions/checkout@v4,0,24,0,8,2026-06-03T16:51:07Z,true,sequential,exp07-slow-test-removed
26899659061,https://github.com/calebe-matias/api-de-triagem-ci-cd/actions/runs/26899659061,be83a9c195cba381f015a43f758e73a8d891b35e,exp07: remove slow triage test,success,60,automated tests,16,Complete job,0,24,0,8,2026-06-03T16:51:07Z,true,sequential,exp07-slow-test-removed
26899758685,https://github.com/calebe-matias/api-de-triagem-ci-cd/actions/runs/26899758685,50e3562f3db9ec81cffe3bd89a8d159baa0aea20,exp08: increase generated test cases,success,57,install dependencies,19,Set up job,1,160,0,1.63,2026-06-03T16:52:59Z,true,sequential,exp08-more-tests
26899758685,https://github.com/calebe-matias/api-de-triagem-ci-cd/actions/runs/26899758685,50e3562f3db9ec81cffe3bd89a8d159baa0aea20,exp08: increase generated test cases,success,57,install dependencies,19,Run actions/checkout@v4,1,160,0,1.63,2026-06-03T16:52:59Z,true,sequential,exp08-more-tests
26899758685,https://github.com/calebe-matias/api-de-triagem-ci-cd/actions/runs/26899758685,50e3562f3db9ec81cffe3bd89a8d159baa0aea20,exp08: increase generated test cases,success,57,install dependencies,19,Setup Node with npm cache,12,160,0,1.63,2026-06-03T16:52:59Z,true,sequential,exp08-more-tests
26899758685,https://github.com/calebe-matias/api-de-triagem-ci-cd/actions/runs/26899758685,50e3562f3db9ec81cffe3bd89a8d159baa0aea20,exp08: increase generated test cases,success,57,install dependencies,19,Setup Node without cache,0,160,0,1.63,2026-06-03T16:52:59Z,true,sequential,exp08-more-tests
26899758685,https://github.com/calebe-matias/api-de-triagem-ci-cd/actions/runs/26899758685,50e3562f3db9ec81cffe3bd89a8d159baa0aea20,exp08: increase generated test cases,success,57,install dependencies,19,Install dependencies,3,160,0,1.63,2026-06-03T16:52:59Z,true,sequential,exp08-more-tests
26899758685,https://github.com/calebe-matias/api-de-triagem-ci-cd/actions/runs/26899758685,50e3562f3db9ec81cffe3bd89a8d159baa0aea20,exp08: increase generated test cases,success,57,install dependencies,19,Post Setup Node with npm cache,0,160,0,1.63,2026-06-03T16:52:59Z,true,sequential,exp08-more-tests
26899758685,https://github.com/calebe-matias/api-de-triagem-ci-cd/actions/runs/26899758685,50e3562f3db9ec81cffe3bd89a8d159baa0aea20,exp08: increase generated test cases,success,57,install dependencies,19,Post Run actions/checkout@v4,0,160,0,1.63,2026-06-03T16:52:59Z,true,sequential,exp08-more-tests
26899758685,https://github.com/calebe-matias/api-de-triagem-ci-cd/actions/runs/26899758685,50e3562f3db9ec81cffe3bd89a8d159baa0aea20,exp08: increase generated test cases,success,57,install dependencies,19,Complete job,0,160,0,1.63,2026-06-03T16:52:59Z,true,sequential,exp08-more-tests
26899758685,https://github.com/calebe-matias/api-de-triagem-ci-cd/actions/runs/26899758685,50e3562f3db9ec81cffe3bd89a8d159baa0aea20,exp08: increase generated test cases,success,57,lint and typecheck,15,Set up job,1,160,0,1.63,2026-06-03T16:52:59Z,true,sequential,exp08-more-tests
26899758685,https://github.com/calebe-matias/api-de-triagem-ci-cd/actions/runs/26899758685,50e3562f3db9ec81cffe3bd89a8d159baa0aea20,exp08: increase generated test cases,success,57,lint and typecheck,15,Run actions/checkout@v4,0,160,0,1.63,2026-06-03T16:52:59Z,true,sequential,exp08-more-tests
26899758685,https://github.com/calebe-matias/api-de-triagem-ci-cd/actions/runs/26899758685,50e3562f3db9ec81cffe3bd89a8d159baa0aea20,exp08: increase generated test cases,success,57,lint and typecheck,15,Setup Node with npm cache,5,160,0,1.63,2026-06-03T16:52:59Z,true,sequential,exp08-more-tests
26899758685,https://github.com/calebe-matias/api-de-triagem-ci-cd/actions/runs/26899758685,50e3562f3db9ec81cffe3bd89a8d159baa0aea20,exp08: increase generated test cases,success,57,lint and typecheck,15,Setup Node without cache,0,160,0,1.63,2026-06-03T16:52:59Z,true,sequential,exp08-more-tests
26899758685,https://github.com/calebe-matias/api-de-triagem-ci-cd/actions/runs/26899758685,50e3562f3db9ec81cffe3bd89a8d159baa0aea20,exp08: increase generated test cases,success,57,lint and typecheck,15,Install dependencies,3,160,0,1.63,2026-06-03T16:52:59Z,true,sequential,exp08-more-tests
26899758685,https://github.com/calebe-matias/api-de-triagem-ci-cd/actions/runs/26899758685,50e3562f3db9ec81cffe3bd89a8d159baa0aea20,exp08: increase generated test cases,success,57,lint and typecheck,15,ESLint,1,160,0,1.63,2026-06-03T16:52:59Z,true,sequential,exp08-more-tests
26899758685,https://github.com/calebe-matias/api-de-triagem-ci-cd/actions/runs/26899758685,50e3562f3db9ec81cffe3bd89a8d159baa0aea20,exp08: increase generated test cases,success,57,lint and typecheck,15,TypeScript,3,160,0,1.63,2026-06-03T16:52:59Z,true,sequential,exp08-more-tests
26899758685,https://github.com/calebe-matias/api-de-triagem-ci-cd/actions/runs/26899758685,50e3562f3db9ec81cffe3bd89a8d159baa0aea20,exp08: increase generated test cases,success,57,lint and typecheck,15,Post Setup Node with npm cache,0,160,0,1.63,2026-06-03T16:52:59Z,true,sequential,exp08-more-tests
26899758685,https://github.com/calebe-matias/api-de-triagem-ci-cd/actions/runs/26899758685,50e3562f3db9ec81cffe3bd89a8d159baa0aea20,exp08: increase generated test cases,success,57,lint and typecheck,15,Post Run actions/checkout@v4,0,160,0,1.63,2026-06-03T16:52:59Z,true,sequential,exp08-more-tests
26899758685,https://github.com/calebe-matias/api-de-triagem-ci-cd/actions/runs/26899758685,50e3562f3db9ec81cffe3bd89a8d159baa0aea20,exp08: increase generated test cases,success,57,lint and typecheck,15,Complete job,0,160,0,1.63,2026-06-03T16:52:59Z,true,sequential,exp08-more-tests
26899758685,https://github.com/calebe-matias/api-de-triagem-ci-cd/actions/runs/26899758685,50e3562f3db9ec81cffe3bd89a8d159baa0aea20,exp08: increase generated test cases,success,57,automated tests,14,Set up job,1,160,0,1.63,2026-06-03T16:52:59Z,true,sequential,exp08-more-tests
26899758685,https://github.com/calebe-matias/api-de-triagem-ci-cd/actions/runs/26899758685,50e3562f3db9ec81cffe3bd89a8d159baa0aea20,exp08: increase generated test cases,success,57,automated tests,14,Run actions/checkout@v4,1,160,0,1.63,2026-06-03T16:52:59Z,true,sequential,exp08-more-tests
26899758685,https://github.com/calebe-matias/api-de-triagem-ci-cd/actions/runs/26899758685,50e3562f3db9ec81cffe3bd89a8d159baa0aea20,exp08: increase generated test cases,success,57,automated tests,14,Setup Node with npm cache,5,160,0,1.63,2026-06-03T16:52:59Z,true,sequential,exp08-more-tests
26899758685,https://github.com/calebe-matias/api-de-triagem-ci-cd/actions/runs/26899758685,50e3562f3db9ec81cffe3bd89a8d159baa0aea20,exp08: increase generated test cases,success,57,automated tests,14,Setup Node without cache,0,160,0,1.63,2026-06-03T16:52:59Z,true,sequential,exp08-more-tests
26899758685,https://github.com/calebe-matias/api-de-triagem-ci-cd/actions/runs/26899758685,50e3562f3db9ec81cffe3bd89a8d159baa0aea20,exp08: increase generated test cases,success,57,automated tests,14,Install dependencies,2,160,0,1.63,2026-06-03T16:52:59Z,true,sequential,exp08-more-tests
26899758685,https://github.com/calebe-matias/api-de-triagem-ci-cd/actions/runs/26899758685,50e3562f3db9ec81cffe3bd89a8d159baa0aea20,exp08: increase generated test cases,success,57,automated tests,14,Run tests with coverage,2,160,0,1.63,2026-06-03T16:52:59Z,true,sequential,exp08-more-tests
26899758685,https://github.com/calebe-matias/api-de-triagem-ci-cd/actions/runs/26899758685,50e3562f3db9ec81cffe3bd89a8d159baa0aea20,exp08: increase generated test cases,success,57,automated tests,14,Write pipeline context,0,160,0,1.63,2026-06-03T16:52:59Z,true,sequential,exp08-more-tests
26899758685,https://github.com/calebe-matias/api-de-triagem-ci-cd/actions/runs/26899758685,50e3562f3db9ec81cffe3bd89a8d159baa0aea20,exp08: increase generated test cases,success,57,automated tests,14,Upload pipeline results,1,160,0,1.63,2026-06-03T16:52:59Z,true,sequential,exp08-more-tests
26899758685,https://github.com/calebe-matias/api-de-triagem-ci-cd/actions/runs/26899758685,50e3562f3db9ec81cffe3bd89a8d159baa0aea20,exp08: increase generated test cases,success,57,automated tests,14,Post Setup Node with npm cache,0,160,0,1.63,2026-06-03T16:52:59Z,true,sequential,exp08-more-tests
26899758685,https://github.com/calebe-matias/api-de-triagem-ci-cd/actions/runs/26899758685,50e3562f3db9ec81cffe3bd89a8d159baa0aea20,exp08: increase generated test cases,success,57,automated tests,14,Post Run actions/checkout@v4,0,160,0,1.63,2026-06-03T16:52:59Z,true,sequential,exp08-more-tests
26899758685,https://github.com/calebe-matias/api-de-triagem-ci-cd/actions/runs/26899758685,50e3562f3db9ec81cffe3bd89a8d159baa0aea20,exp08: increase generated test cases,success,57,automated tests,14,Complete job,0,160,0,1.63,2026-06-03T16:52:59Z,true,sequential,exp08-more-tests
26899855406,https://github.com/calebe-matias/api-de-triagem-ci-cd/actions/runs/26899855406,515aa02286bbdcb3186a07bf3cc7a07fb2da9fae,exp09: split jobs in parallel,success,37,install dependencies,11,Set up job,1,160,0,1.61,2026-06-03T16:54:48Z,true,parallel,exp09-parallel-jobs
26899855406,https://github.com/calebe-matias/api-de-triagem-ci-cd/actions/runs/26899855406,515aa02286bbdcb3186a07bf3cc7a07fb2da9fae,exp09: split jobs in parallel,success,37,install dependencies,11,Run actions/checkout@v4,1,160,0,1.61,2026-06-03T16:54:48Z,true,parallel,exp09-parallel-jobs
26899855406,https://github.com/calebe-matias/api-de-triagem-ci-cd/actions/runs/26899855406,515aa02286bbdcb3186a07bf3cc7a07fb2da9fae,exp09: split jobs in parallel,success,37,install dependencies,11,Setup Node with npm cache,5,160,0,1.61,2026-06-03T16:54:48Z,true,parallel,exp09-parallel-jobs
26899855406,https://github.com/calebe-matias/api-de-triagem-ci-cd/actions/runs/26899855406,515aa02286bbdcb3186a07bf3cc7a07fb2da9fae,exp09: split jobs in parallel,success,37,install dependencies,11,Setup Node without cache,0,160,0,1.61,2026-06-03T16:54:48Z,true,parallel,exp09-parallel-jobs
26899855406,https://github.com/calebe-matias/api-de-triagem-ci-cd/actions/runs/26899855406,515aa02286bbdcb3186a07bf3cc7a07fb2da9fae,exp09: split jobs in parallel,success,37,install dependencies,11,Install dependencies,2,160,0,1.61,2026-06-03T16:54:48Z,true,parallel,exp09-parallel-jobs
26899855406,https://github.com/calebe-matias/api-de-triagem-ci-cd/actions/runs/26899855406,515aa02286bbdcb3186a07bf3cc7a07fb2da9fae,exp09: split jobs in parallel,success,37,install dependencies,11,Post Setup Node with npm cache,0,160,0,1.61,2026-06-03T16:54:48Z,true,parallel,exp09-parallel-jobs
26899855406,https://github.com/calebe-matias/api-de-triagem-ci-cd/actions/runs/26899855406,515aa02286bbdcb3186a07bf3cc7a07fb2da9fae,exp09: split jobs in parallel,success,37,install dependencies,11,Post Run actions/checkout@v4,1,160,0,1.61,2026-06-03T16:54:48Z,true,parallel,exp09-parallel-jobs
26899855406,https://github.com/calebe-matias/api-de-triagem-ci-cd/actions/runs/26899855406,515aa02286bbdcb3186a07bf3cc7a07fb2da9fae,exp09: split jobs in parallel,success,37,install dependencies,11,Complete job,0,160,0,1.61,2026-06-03T16:54:48Z,true,parallel,exp09-parallel-jobs
26899855406,https://github.com/calebe-matias/api-de-triagem-ci-cd/actions/runs/26899855406,515aa02286bbdcb3186a07bf3cc7a07fb2da9fae,exp09: split jobs in parallel,success,37,automated tests,19,Set up job,1,160,0,1.61,2026-06-03T16:54:48Z,true,parallel,exp09-parallel-jobs
26899855406,https://github.com/calebe-matias/api-de-triagem-ci-cd/actions/runs/26899855406,515aa02286bbdcb3186a07bf3cc7a07fb2da9fae,exp09: split jobs in parallel,success,37,automated tests,19,Run actions/checkout@v4,1,160,0,1.61,2026-06-03T16:54:48Z,true,parallel,exp09-parallel-jobs
26899855406,https://github.com/calebe-matias/api-de-triagem-ci-cd/actions/runs/26899855406,515aa02286bbdcb3186a07bf3cc7a07fb2da9fae,exp09: split jobs in parallel,success,37,automated tests,19,Setup Node with npm cache,7,160,0,1.61,2026-06-03T16:54:48Z,true,parallel,exp09-parallel-jobs
26899855406,https://github.com/calebe-matias/api-de-triagem-ci-cd/actions/runs/26899855406,515aa02286bbdcb3186a07bf3cc7a07fb2da9fae,exp09: split jobs in parallel,success,37,automated tests,19,Setup Node without cache,0,160,0,1.61,2026-06-03T16:54:48Z,true,parallel,exp09-parallel-jobs
26899855406,https://github.com/calebe-matias/api-de-triagem-ci-cd/actions/runs/26899855406,515aa02286bbdcb3186a07bf3cc7a07fb2da9fae,exp09: split jobs in parallel,success,37,automated tests,19,Install dependencies,2,160,0,1.61,2026-06-03T16:54:48Z,true,parallel,exp09-parallel-jobs
26899855406,https://github.com/calebe-matias/api-de-triagem-ci-cd/actions/runs/26899855406,515aa02286bbdcb3186a07bf3cc7a07fb2da9fae,exp09: split jobs in parallel,success,37,automated tests,19,Run tests with coverage,2,160,0,1.61,2026-06-03T16:54:48Z,true,parallel,exp09-parallel-jobs
26899855406,https://github.com/calebe-matias/api-de-triagem-ci-cd/actions/runs/26899855406,515aa02286bbdcb3186a07bf3cc7a07fb2da9fae,exp09: split jobs in parallel,success,37,automated tests,19,Write pipeline context,0,160,0,1.61,2026-06-03T16:54:48Z,true,parallel,exp09-parallel-jobs
26899855406,https://github.com/calebe-matias/api-de-triagem-ci-cd/actions/runs/26899855406,515aa02286bbdcb3186a07bf3cc7a07fb2da9fae,exp09: split jobs in parallel,success,37,automated tests,19,Upload pipeline results,1,160,0,1.61,2026-06-03T16:54:48Z,true,parallel,exp09-parallel-jobs
26899855406,https://github.com/calebe-matias/api-de-triagem-ci-cd/actions/runs/26899855406,515aa02286bbdcb3186a07bf3cc7a07fb2da9fae,exp09: split jobs in parallel,success,37,automated tests,19,Post Setup Node with npm cache,0,160,0,1.61,2026-06-03T16:54:48Z,true,parallel,exp09-parallel-jobs
26899855406,https://github.com/calebe-matias/api-de-triagem-ci-cd/actions/runs/26899855406,515aa02286bbdcb3186a07bf3cc7a07fb2da9fae,exp09: split jobs in parallel,success,37,automated tests,19,Post Run actions/checkout@v4,1,160,0,1.61,2026-06-03T16:54:48Z,true,parallel,exp09-parallel-jobs
26899855406,https://github.com/calebe-matias/api-de-triagem-ci-cd/actions/runs/26899855406,515aa02286bbdcb3186a07bf3cc7a07fb2da9fae,exp09: split jobs in parallel,success,37,automated tests,19,Complete job,0,160,0,1.61,2026-06-03T16:54:48Z,true,parallel,exp09-parallel-jobs
26899855406,https://github.com/calebe-matias/api-de-triagem-ci-cd/actions/runs/26899855406,515aa02286bbdcb3186a07bf3cc7a07fb2da9fae,exp09: split jobs in parallel,success,37,lint and typecheck,16,Set up job,1,160,0,1.61,2026-06-03T16:54:48Z,true,parallel,exp09-parallel-jobs
26899855406,https://github.com/calebe-matias/api-de-triagem-ci-cd/actions/runs/26899855406,515aa02286bbdcb3186a07bf3cc7a07fb2da9fae,exp09: split jobs in parallel,success,37,lint and typecheck,16,Run actions/checkout@v4,0,160,0,1.61,2026-06-03T16:54:48Z,true,parallel,exp09-parallel-jobs
26899855406,https://github.com/calebe-matias/api-de-triagem-ci-cd/actions/runs/26899855406,515aa02286bbdcb3186a07bf3cc7a07fb2da9fae,exp09: split jobs in parallel,success,37,lint and typecheck,16,Setup Node with npm cache,6,160,0,1.61,2026-06-03T16:54:48Z,true,parallel,exp09-parallel-jobs
26899855406,https://github.com/calebe-matias/api-de-triagem-ci-cd/actions/runs/26899855406,515aa02286bbdcb3186a07bf3cc7a07fb2da9fae,exp09: split jobs in parallel,success,37,lint and typecheck,16,Setup Node without cache,0,160,0,1.61,2026-06-03T16:54:48Z,true,parallel,exp09-parallel-jobs
26899855406,https://github.com/calebe-matias/api-de-triagem-ci-cd/actions/runs/26899855406,515aa02286bbdcb3186a07bf3cc7a07fb2da9fae,exp09: split jobs in parallel,success,37,lint and typecheck,16,Install dependencies,2,160,0,1.61,2026-06-03T16:54:48Z,true,parallel,exp09-parallel-jobs
26899855406,https://github.com/calebe-matias/api-de-triagem-ci-cd/actions/runs/26899855406,515aa02286bbdcb3186a07bf3cc7a07fb2da9fae,exp09: split jobs in parallel,success,37,lint and typecheck,16,ESLint,1,160,0,1.61,2026-06-03T16:54:48Z,true,parallel,exp09-parallel-jobs
26899855406,https://github.com/calebe-matias/api-de-triagem-ci-cd/actions/runs/26899855406,515aa02286bbdcb3186a07bf3cc7a07fb2da9fae,exp09: split jobs in parallel,success,37,lint and typecheck,16,TypeScript,3,160,0,1.61,2026-06-03T16:54:48Z,true,parallel,exp09-parallel-jobs
26899855406,https://github.com/calebe-matias/api-de-triagem-ci-cd/actions/runs/26899855406,515aa02286bbdcb3186a07bf3cc7a07fb2da9fae,exp09: split jobs in parallel,success,37,lint and typecheck,16,Post Setup Node with npm cache,0,160,0,1.61,2026-06-03T16:54:48Z,true,parallel,exp09-parallel-jobs
26899855406,https://github.com/calebe-matias/api-de-triagem-ci-cd/actions/runs/26899855406,515aa02286bbdcb3186a07bf3cc7a07fb2da9fae,exp09: split jobs in parallel,success,37,lint and typecheck,16,Post Run actions/checkout@v4,0,160,0,1.61,2026-06-03T16:54:48Z,true,parallel,exp09-parallel-jobs
26899855406,https://github.com/calebe-matias/api-de-triagem-ci-cd/actions/runs/26899855406,515aa02286bbdcb3186a07bf3cc7a07fb2da9fae,exp09: split jobs in parallel,success,37,lint and typecheck,16,Complete job,0,160,0,1.61,2026-06-03T16:54:48Z,true,parallel,exp09-parallel-jobs
26899959164,https://github.com/calebe-matias/api-de-triagem-ci-cd/actions/runs/26899959164,659e417676a52c39505e4784f2f7b7480799e252,exp10: force sequential jobs,success,56,install dependencies,13,Set up job,1,160,0,1.78,2026-06-03T16:56:42Z,true,sequential,exp10-sequential-jobs
26899959164,https://github.com/calebe-matias/api-de-triagem-ci-cd/actions/runs/26899959164,659e417676a52c39505e4784f2f7b7480799e252,exp10: force sequential jobs,success,56,install dependencies,13,Run actions/checkout@v4,1,160,0,1.78,2026-06-03T16:56:42Z,true,sequential,exp10-sequential-jobs
26899959164,https://github.com/calebe-matias/api-de-triagem-ci-cd/actions/runs/26899959164,659e417676a52c39505e4784f2f7b7480799e252,exp10: force sequential jobs,success,56,install dependencies,13,Setup Node with npm cache,5,160,0,1.78,2026-06-03T16:56:42Z,true,sequential,exp10-sequential-jobs
26899959164,https://github.com/calebe-matias/api-de-triagem-ci-cd/actions/runs/26899959164,659e417676a52c39505e4784f2f7b7480799e252,exp10: force sequential jobs,success,56,install dependencies,13,Setup Node without cache,0,160,0,1.78,2026-06-03T16:56:42Z,true,sequential,exp10-sequential-jobs
26899959164,https://github.com/calebe-matias/api-de-triagem-ci-cd/actions/runs/26899959164,659e417676a52c39505e4784f2f7b7480799e252,exp10: force sequential jobs,success,56,install dependencies,13,Install dependencies,3,160,0,1.78,2026-06-03T16:56:42Z,true,sequential,exp10-sequential-jobs
26899959164,https://github.com/calebe-matias/api-de-triagem-ci-cd/actions/runs/26899959164,659e417676a52c39505e4784f2f7b7480799e252,exp10: force sequential jobs,success,56,install dependencies,13,Post Setup Node with npm cache,0,160,0,1.78,2026-06-03T16:56:42Z,true,sequential,exp10-sequential-jobs
26899959164,https://github.com/calebe-matias/api-de-triagem-ci-cd/actions/runs/26899959164,659e417676a52c39505e4784f2f7b7480799e252,exp10: force sequential jobs,success,56,install dependencies,13,Post Run actions/checkout@v4,0,160,0,1.78,2026-06-03T16:56:42Z,true,sequential,exp10-sequential-jobs
26899959164,https://github.com/calebe-matias/api-de-triagem-ci-cd/actions/runs/26899959164,659e417676a52c39505e4784f2f7b7480799e252,exp10: force sequential jobs,success,56,install dependencies,13,Complete job,0,160,0,1.78,2026-06-03T16:56:42Z,true,sequential,exp10-sequential-jobs
26899959164,https://github.com/calebe-matias/api-de-triagem-ci-cd/actions/runs/26899959164,659e417676a52c39505e4784f2f7b7480799e252,exp10: force sequential jobs,success,56,lint and typecheck,17,Set up job,1,160,0,1.78,2026-06-03T16:56:42Z,true,sequential,exp10-sequential-jobs
26899959164,https://github.com/calebe-matias/api-de-triagem-ci-cd/actions/runs/26899959164,659e417676a52c39505e4784f2f7b7480799e252,exp10: force sequential jobs,success,56,lint and typecheck,17,Run actions/checkout@v4,1,160,0,1.78,2026-06-03T16:56:42Z,true,sequential,exp10-sequential-jobs
26899959164,https://github.com/calebe-matias/api-de-triagem-ci-cd/actions/runs/26899959164,659e417676a52c39505e4784f2f7b7480799e252,exp10: force sequential jobs,success,56,lint and typecheck,17,Setup Node with npm cache,6,160,0,1.78,2026-06-03T16:56:42Z,true,sequential,exp10-sequential-jobs
26899959164,https://github.com/calebe-matias/api-de-triagem-ci-cd/actions/runs/26899959164,659e417676a52c39505e4784f2f7b7480799e252,exp10: force sequential jobs,success,56,lint and typecheck,17,Setup Node without cache,0,160,0,1.78,2026-06-03T16:56:42Z,true,sequential,exp10-sequential-jobs
26899959164,https://github.com/calebe-matias/api-de-triagem-ci-cd/actions/runs/26899959164,659e417676a52c39505e4784f2f7b7480799e252,exp10: force sequential jobs,success,56,lint and typecheck,17,Install dependencies,2,160,0,1.78,2026-06-03T16:56:42Z,true,sequential,exp10-sequential-jobs
26899959164,https://github.com/calebe-matias/api-de-triagem-ci-cd/actions/runs/26899959164,659e417676a52c39505e4784f2f7b7480799e252,exp10: force sequential jobs,success,56,lint and typecheck,17,ESLint,1,160,0,1.78,2026-06-03T16:56:42Z,true,sequential,exp10-sequential-jobs
26899959164,https://github.com/calebe-matias/api-de-triagem-ci-cd/actions/runs/26899959164,659e417676a52c39505e4784f2f7b7480799e252,exp10: force sequential jobs,success,56,lint and typecheck,17,TypeScript,2,160,0,1.78,2026-06-03T16:56:42Z,true,sequential,exp10-sequential-jobs
26899959164,https://github.com/calebe-matias/api-de-triagem-ci-cd/actions/runs/26899959164,659e417676a52c39505e4784f2f7b7480799e252,exp10: force sequential jobs,success,56,lint and typecheck,17,Post Setup Node with npm cache,0,160,0,1.78,2026-06-03T16:56:42Z,true,sequential,exp10-sequential-jobs
26899959164,https://github.com/calebe-matias/api-de-triagem-ci-cd/actions/runs/26899959164,659e417676a52c39505e4784f2f7b7480799e252,exp10: force sequential jobs,success,56,lint and typecheck,17,Post Run actions/checkout@v4,1,160,0,1.78,2026-06-03T16:56:42Z,true,sequential,exp10-sequential-jobs
26899959164,https://github.com/calebe-matias/api-de-triagem-ci-cd/actions/runs/26899959164,659e417676a52c39505e4784f2f7b7480799e252,exp10: force sequential jobs,success,56,lint and typecheck,17,Complete job,0,160,0,1.78,2026-06-03T16:56:42Z,true,sequential,exp10-sequential-jobs
26899959164,https://github.com/calebe-matias/api-de-triagem-ci-cd/actions/runs/26899959164,659e417676a52c39505e4784f2f7b7480799e252,exp10: force sequential jobs,success,56,automated tests,16,Set up job,1,160,0,1.78,2026-06-03T16:56:42Z,true,sequential,exp10-sequential-jobs
26899959164,https://github.com/calebe-matias/api-de-triagem-ci-cd/actions/runs/26899959164,659e417676a52c39505e4784f2f7b7480799e252,exp10: force sequential jobs,success,56,automated tests,16,Run actions/checkout@v4,1,160,0,1.78,2026-06-03T16:56:42Z,true,sequential,exp10-sequential-jobs
26899959164,https://github.com/calebe-matias/api-de-triagem-ci-cd/actions/runs/26899959164,659e417676a52c39505e4784f2f7b7480799e252,exp10: force sequential jobs,success,56,automated tests,16,Setup Node with npm cache,5,160,0,1.78,2026-06-03T16:56:42Z,true,sequential,exp10-sequential-jobs
26899959164,https://github.com/calebe-matias/api-de-triagem-ci-cd/actions/runs/26899959164,659e417676a52c39505e4784f2f7b7480799e252,exp10: force sequential jobs,success,56,automated tests,16,Setup Node without cache,0,160,0,1.78,2026-06-03T16:56:42Z,true,sequential,exp10-sequential-jobs
26899959164,https://github.com/calebe-matias/api-de-triagem-ci-cd/actions/runs/26899959164,659e417676a52c39505e4784f2f7b7480799e252,exp10: force sequential jobs,success,56,automated tests,16,Install dependencies,3,160,0,1.78,2026-06-03T16:56:42Z,true,sequential,exp10-sequential-jobs
26899959164,https://github.com/calebe-matias/api-de-triagem-ci-cd/actions/runs/26899959164,659e417676a52c39505e4784f2f7b7480799e252,exp10: force sequential jobs,success,56,automated tests,16,Run tests with coverage,2,160,0,1.78,2026-06-03T16:56:42Z,true,sequential,exp10-sequential-jobs
26899959164,https://github.com/calebe-matias/api-de-triagem-ci-cd/actions/runs/26899959164,659e417676a52c39505e4784f2f7b7480799e252,exp10: force sequential jobs,success,56,automated tests,16,Write pipeline context,0,160,0,1.78,2026-06-03T16:56:42Z,true,sequential,exp10-sequential-jobs
26899959164,https://github.com/calebe-matias/api-de-triagem-ci-cd/actions/runs/26899959164,659e417676a52c39505e4784f2f7b7480799e252,exp10: force sequential jobs,success,56,automated tests,16,Upload pipeline results,1,160,0,1.78,2026-06-03T16:56:42Z,true,sequential,exp10-sequential-jobs
26899959164,https://github.com/calebe-matias/api-de-triagem-ci-cd/actions/runs/26899959164,659e417676a52c39505e4784f2f7b7480799e252,exp10: force sequential jobs,success,56,automated tests,16,Post Setup Node with npm cache,0,160,0,1.78,2026-06-03T16:56:42Z,true,sequential,exp10-sequential-jobs
26899959164,https://github.com/calebe-matias/api-de-triagem-ci-cd/actions/runs/26899959164,659e417676a52c39505e4784f2f7b7480799e252,exp10: force sequential jobs,success,56,automated tests,16,Post Run actions/checkout@v4,0,160,0,1.78,2026-06-03T16:56:42Z,true,sequential,exp10-sequential-jobs
26899959164,https://github.com/calebe-matias/api-de-triagem-ci-cd/actions/runs/26899959164,659e417676a52c39505e4784f2f7b7480799e252,exp10: force sequential jobs,success,56,automated tests,16,Complete job,0,160,0,1.78,2026-06-03T16:56:42Z,true,sequential,exp10-sequential-jobs
26900524758,https://github.com/calebe-matias/api-de-triagem-ci-cd/actions/runs/26900524758,382e9ba8b23c838685e6a170910553a78f7fdf94,exp11: introduce lint failure,failure,37,install dependencies,12,Set up job,1,0,0,0,2026-06-03T17:07:13Z,unknown,unknown,exp11
26900524758,https://github.com/calebe-matias/api-de-triagem-ci-cd/actions/runs/26900524758,382e9ba8b23c838685e6a170910553a78f7fdf94,exp11: introduce lint failure,failure,37,install dependencies,12,Run actions/checkout@v4,1,0,0,0,2026-06-03T17:07:13Z,unknown,unknown,exp11
26900524758,https://github.com/calebe-matias/api-de-triagem-ci-cd/actions/runs/26900524758,382e9ba8b23c838685e6a170910553a78f7fdf94,exp11: introduce lint failure,failure,37,install dependencies,12,Setup Node with npm cache,4,0,0,0,2026-06-03T17:07:13Z,unknown,unknown,exp11
26900524758,https://github.com/calebe-matias/api-de-triagem-ci-cd/actions/runs/26900524758,382e9ba8b23c838685e6a170910553a78f7fdf94,exp11: introduce lint failure,failure,37,install dependencies,12,Setup Node without cache,0,0,0,0,2026-06-03T17:07:13Z,unknown,unknown,exp11
26900524758,https://github.com/calebe-matias/api-de-triagem-ci-cd/actions/runs/26900524758,382e9ba8b23c838685e6a170910553a78f7fdf94,exp11: introduce lint failure,failure,37,install dependencies,12,Install dependencies,3,0,0,0,2026-06-03T17:07:13Z,unknown,unknown,exp11
26900524758,https://github.com/calebe-matias/api-de-triagem-ci-cd/actions/runs/26900524758,382e9ba8b23c838685e6a170910553a78f7fdf94,exp11: introduce lint failure,failure,37,install dependencies,12,Post Setup Node with npm cache,0,0,0,0,2026-06-03T17:07:13Z,unknown,unknown,exp11
26900524758,https://github.com/calebe-matias/api-de-triagem-ci-cd/actions/runs/26900524758,382e9ba8b23c838685e6a170910553a78f7fdf94,exp11: introduce lint failure,failure,37,install dependencies,12,Post Run actions/checkout@v4,0,0,0,0,2026-06-03T17:07:13Z,unknown,unknown,exp11
26900524758,https://github.com/calebe-matias/api-de-triagem-ci-cd/actions/runs/26900524758,382e9ba8b23c838685e6a170910553a78f7fdf94,exp11: introduce lint failure,failure,37,install dependencies,12,Complete job,0,0,0,0,2026-06-03T17:07:13Z,unknown,unknown,exp11
26900524758,https://github.com/calebe-matias/api-de-triagem-ci-cd/actions/runs/26900524758,382e9ba8b23c838685e6a170910553a78f7fdf94,exp11: introduce lint failure,failure,37,lint and typecheck,16,Set up job,1,0,0,0,2026-06-03T17:07:13Z,unknown,unknown,exp11
26900524758,https://github.com/calebe-matias/api-de-triagem-ci-cd/actions/runs/26900524758,382e9ba8b23c838685e6a170910553a78f7fdf94,exp11: introduce lint failure,failure,37,lint and typecheck,16,Run actions/checkout@v4,0,0,0,0,2026-06-03T17:07:13Z,unknown,unknown,exp11
26900524758,https://github.com/calebe-matias/api-de-triagem-ci-cd/actions/runs/26900524758,382e9ba8b23c838685e6a170910553a78f7fdf94,exp11: introduce lint failure,failure,37,lint and typecheck,16,Setup Node with npm cache,8,0,0,0,2026-06-03T17:07:13Z,unknown,unknown,exp11
26900524758,https://github.com/calebe-matias/api-de-triagem-ci-cd/actions/runs/26900524758,382e9ba8b23c838685e6a170910553a78f7fdf94,exp11: introduce lint failure,failure,37,lint and typecheck,16,Setup Node without cache,0,0,0,0,2026-06-03T17:07:13Z,unknown,unknown,exp11
26900524758,https://github.com/calebe-matias/api-de-triagem-ci-cd/actions/runs/26900524758,382e9ba8b23c838685e6a170910553a78f7fdf94,exp11: introduce lint failure,failure,37,lint and typecheck,16,Install dependencies,2,0,0,0,2026-06-03T17:07:13Z,unknown,unknown,exp11
26900524758,https://github.com/calebe-matias/api-de-triagem-ci-cd/actions/runs/26900524758,382e9ba8b23c838685e6a170910553a78f7fdf94,exp11: introduce lint failure,failure,37,lint and typecheck,16,ESLint,1,0,0,0,2026-06-03T17:07:13Z,unknown,unknown,exp11
26900524758,https://github.com/calebe-matias/api-de-triagem-ci-cd/actions/runs/26900524758,382e9ba8b23c838685e6a170910553a78f7fdf94,exp11: introduce lint failure,failure,37,lint and typecheck,16,TypeScript,0,0,0,0,2026-06-03T17:07:13Z,unknown,unknown,exp11
26900524758,https://github.com/calebe-matias/api-de-triagem-ci-cd/actions/runs/26900524758,382e9ba8b23c838685e6a170910553a78f7fdf94,exp11: introduce lint failure,failure,37,lint and typecheck,16,Post Setup Node with npm cache,0,0,0,0,2026-06-03T17:07:13Z,unknown,unknown,exp11
26900524758,https://github.com/calebe-matias/api-de-triagem-ci-cd/actions/runs/26900524758,382e9ba8b23c838685e6a170910553a78f7fdf94,exp11: introduce lint failure,failure,37,lint and typecheck,16,Post Run actions/checkout@v4,1,0,0,0,2026-06-03T17:07:13Z,unknown,unknown,exp11
26900524758,https://github.com/calebe-matias/api-de-triagem-ci-cd/actions/runs/26900524758,382e9ba8b23c838685e6a170910553a78f7fdf94,exp11: introduce lint failure,failure,37,lint and typecheck,16,Complete job,0,0,0,0,2026-06-03T17:07:13Z,unknown,unknown,exp11
26900524758,https://github.com/calebe-matias/api-de-triagem-ci-cd/actions/runs/26900524758,382e9ba8b23c838685e6a170910553a78f7fdf94,exp11: introduce lint failure,failure,37,automated tests,-1,job,-1,0,0,0,2026-06-03T17:07:13Z,unknown,unknown,exp11
26900622285,https://github.com/calebe-matias/api-de-triagem-ci-cd/actions/runs/26900622285,d53de68c12d215e81217ebff408d44a2795fd5d5,exp12: fix lint and stabilize pipeline,success,59,install dependencies,16,Set up job,1,160,0,1.62,2026-06-03T17:09:07Z,true,sequential,exp12-stable-final
26900622285,https://github.com/calebe-matias/api-de-triagem-ci-cd/actions/runs/26900622285,d53de68c12d215e81217ebff408d44a2795fd5d5,exp12: fix lint and stabilize pipeline,success,59,install dependencies,16,Run actions/checkout@v4,1,160,0,1.62,2026-06-03T17:09:07Z,true,sequential,exp12-stable-final
26900622285,https://github.com/calebe-matias/api-de-triagem-ci-cd/actions/runs/26900622285,d53de68c12d215e81217ebff408d44a2795fd5d5,exp12: fix lint and stabilize pipeline,success,59,install dependencies,16,Setup Node with npm cache,7,160,0,1.62,2026-06-03T17:09:07Z,true,sequential,exp12-stable-final
26900622285,https://github.com/calebe-matias/api-de-triagem-ci-cd/actions/runs/26900622285,d53de68c12d215e81217ebff408d44a2795fd5d5,exp12: fix lint and stabilize pipeline,success,59,install dependencies,16,Setup Node without cache,0,160,0,1.62,2026-06-03T17:09:07Z,true,sequential,exp12-stable-final
26900622285,https://github.com/calebe-matias/api-de-triagem-ci-cd/actions/runs/26900622285,d53de68c12d215e81217ebff408d44a2795fd5d5,exp12: fix lint and stabilize pipeline,success,59,install dependencies,16,Install dependencies,3,160,0,1.62,2026-06-03T17:09:07Z,true,sequential,exp12-stable-final
26900622285,https://github.com/calebe-matias/api-de-triagem-ci-cd/actions/runs/26900622285,d53de68c12d215e81217ebff408d44a2795fd5d5,exp12: fix lint and stabilize pipeline,success,59,install dependencies,16,Post Setup Node with npm cache,0,160,0,1.62,2026-06-03T17:09:07Z,true,sequential,exp12-stable-final
26900622285,https://github.com/calebe-matias/api-de-triagem-ci-cd/actions/runs/26900622285,d53de68c12d215e81217ebff408d44a2795fd5d5,exp12: fix lint and stabilize pipeline,success,59,install dependencies,16,Post Run actions/checkout@v4,0,160,0,1.62,2026-06-03T17:09:07Z,true,sequential,exp12-stable-final
26900622285,https://github.com/calebe-matias/api-de-triagem-ci-cd/actions/runs/26900622285,d53de68c12d215e81217ebff408d44a2795fd5d5,exp12: fix lint and stabilize pipeline,success,59,install dependencies,16,Complete job,0,160,0,1.62,2026-06-03T17:09:07Z,true,sequential,exp12-stable-final
26900622285,https://github.com/calebe-matias/api-de-triagem-ci-cd/actions/runs/26900622285,d53de68c12d215e81217ebff408d44a2795fd5d5,exp12: fix lint and stabilize pipeline,success,59,lint and typecheck,15,Set up job,1,160,0,1.62,2026-06-03T17:09:07Z,true,sequential,exp12-stable-final
26900622285,https://github.com/calebe-matias/api-de-triagem-ci-cd/actions/runs/26900622285,d53de68c12d215e81217ebff408d44a2795fd5d5,exp12: fix lint and stabilize pipeline,success,59,lint and typecheck,15,Run actions/checkout@v4,0,160,0,1.62,2026-06-03T17:09:07Z,true,sequential,exp12-stable-final
26900622285,https://github.com/calebe-matias/api-de-triagem-ci-cd/actions/runs/26900622285,d53de68c12d215e81217ebff408d44a2795fd5d5,exp12: fix lint and stabilize pipeline,success,59,lint and typecheck,15,Setup Node with npm cache,5,160,0,1.62,2026-06-03T17:09:07Z,true,sequential,exp12-stable-final
26900622285,https://github.com/calebe-matias/api-de-triagem-ci-cd/actions/runs/26900622285,d53de68c12d215e81217ebff408d44a2795fd5d5,exp12: fix lint and stabilize pipeline,success,59,lint and typecheck,15,Setup Node without cache,0,160,0,1.62,2026-06-03T17:09:07Z,true,sequential,exp12-stable-final
26900622285,https://github.com/calebe-matias/api-de-triagem-ci-cd/actions/runs/26900622285,d53de68c12d215e81217ebff408d44a2795fd5d5,exp12: fix lint and stabilize pipeline,success,59,lint and typecheck,15,Install dependencies,3,160,0,1.62,2026-06-03T17:09:07Z,true,sequential,exp12-stable-final
26900622285,https://github.com/calebe-matias/api-de-triagem-ci-cd/actions/runs/26900622285,d53de68c12d215e81217ebff408d44a2795fd5d5,exp12: fix lint and stabilize pipeline,success,59,lint and typecheck,15,ESLint,1,160,0,1.62,2026-06-03T17:09:07Z,true,sequential,exp12-stable-final
26900622285,https://github.com/calebe-matias/api-de-triagem-ci-cd/actions/runs/26900622285,d53de68c12d215e81217ebff408d44a2795fd5d5,exp12: fix lint and stabilize pipeline,success,59,lint and typecheck,15,TypeScript,3,160,0,1.62,2026-06-03T17:09:07Z,true,sequential,exp12-stable-final
26900622285,https://github.com/calebe-matias/api-de-triagem-ci-cd/actions/runs/26900622285,d53de68c12d215e81217ebff408d44a2795fd5d5,exp12: fix lint and stabilize pipeline,success,59,lint and typecheck,15,Post Setup Node with npm cache,0,160,0,1.62,2026-06-03T17:09:07Z,true,sequential,exp12-stable-final
26900622285,https://github.com/calebe-matias/api-de-triagem-ci-cd/actions/runs/26900622285,d53de68c12d215e81217ebff408d44a2795fd5d5,exp12: fix lint and stabilize pipeline,success,59,lint and typecheck,15,Post Run actions/checkout@v4,0,160,0,1.62,2026-06-03T17:09:07Z,true,sequential,exp12-stable-final
26900622285,https://github.com/calebe-matias/api-de-triagem-ci-cd/actions/runs/26900622285,d53de68c12d215e81217ebff408d44a2795fd5d5,exp12: fix lint and stabilize pipeline,success,59,lint and typecheck,15,Complete job,0,160,0,1.62,2026-06-03T17:09:07Z,true,sequential,exp12-stable-final
26900622285,https://github.com/calebe-matias/api-de-triagem-ci-cd/actions/runs/26900622285,d53de68c12d215e81217ebff408d44a2795fd5d5,exp12: fix lint and stabilize pipeline,success,59,automated tests,18,Set up job,1,160,0,1.62,2026-06-03T17:09:07Z,true,sequential,exp12-stable-final
26900622285,https://github.com/calebe-matias/api-de-triagem-ci-cd/actions/runs/26900622285,d53de68c12d215e81217ebff408d44a2795fd5d5,exp12: fix lint and stabilize pipeline,success,59,automated tests,18,Run actions/checkout@v4,0,160,0,1.62,2026-06-03T17:09:07Z,true,sequential,exp12-stable-final
26900622285,https://github.com/calebe-matias/api-de-triagem-ci-cd/actions/runs/26900622285,d53de68c12d215e81217ebff408d44a2795fd5d5,exp12: fix lint and stabilize pipeline,success,59,automated tests,18,Setup Node with npm cache,7,160,0,1.62,2026-06-03T17:09:07Z,true,sequential,exp12-stable-final
26900622285,https://github.com/calebe-matias/api-de-triagem-ci-cd/actions/runs/26900622285,d53de68c12d215e81217ebff408d44a2795fd5d5,exp12: fix lint and stabilize pipeline,success,59,automated tests,18,Setup Node without cache,0,160,0,1.62,2026-06-03T17:09:07Z,true,sequential,exp12-stable-final
26900622285,https://github.com/calebe-matias/api-de-triagem-ci-cd/actions/runs/26900622285,d53de68c12d215e81217ebff408d44a2795fd5d5,exp12: fix lint and stabilize pipeline,success,59,automated tests,18,Install dependencies,3,160,0,1.62,2026-06-03T17:09:07Z,true,sequential,exp12-stable-final
26900622285,https://github.com/calebe-matias/api-de-triagem-ci-cd/actions/runs/26900622285,d53de68c12d215e81217ebff408d44a2795fd5d5,exp12: fix lint and stabilize pipeline,success,59,automated tests,18,Run tests with coverage,1,160,0,1.62,2026-06-03T17:09:07Z,true,sequential,exp12-stable-final
26900622285,https://github.com/calebe-matias/api-de-triagem-ci-cd/actions/runs/26900622285,d53de68c12d215e81217ebff408d44a2795fd5d5,exp12: fix lint and stabilize pipeline,success,59,automated tests,18,Write pipeline context,0,160,0,1.62,2026-06-03T17:09:07Z,true,sequential,exp12-stable-final
26900622285,https://github.com/calebe-matias/api-de-triagem-ci-cd/actions/runs/26900622285,d53de68c12d215e81217ebff408d44a2795fd5d5,exp12: fix lint and stabilize pipeline,success,59,automated tests,18,Upload pipeline results,2,160,0,1.62,2026-06-03T17:09:07Z,true,sequential,exp12-stable-final
26900622285,https://github.com/calebe-matias/api-de-triagem-ci-cd/actions/runs/26900622285,d53de68c12d215e81217ebff408d44a2795fd5d5,exp12: fix lint and stabilize pipeline,success,59,automated tests,18,Post Setup Node with npm cache,0,160,0,1.62,2026-06-03T17:09:07Z,true,sequential,exp12-stable-final
26900622285,https://github.com/calebe-matias/api-de-triagem-ci-cd/actions/runs/26900622285,d53de68c12d215e81217ebff408d44a2795fd5d5,exp12: fix lint and stabilize pipeline,success,59,automated tests,18,Post Run actions/checkout@v4,0,160,0,1.62,2026-06-03T17:09:07Z,true,sequential,exp12-stable-final
26900622285,https://github.com/calebe-matias/api-de-triagem-ci-cd/actions/runs/26900622285,d53de68c12d215e81217ebff408d44a2795fd5d5,exp12: fix lint and stabilize pipeline,success,59,automated tests,18,Complete job,0,160,0,1.62,2026-06-03T17:09:07Z,true,sequential,exp12-stable-final
